Model Reference Information,,,,,,,,,,,,,,,
,,,,,,,,,,,,,,,
,,,,,,,,,,,,,,,
,,,,,,,,,,,,,,,
,,,,,,,,,,,,,,,
General,,,,,,,,,,,,,,,
,,,,,,,,,,,,,,,
Title: AFT Fathom Model,,,,,,,,,,,,,,,
Analysis run on: 1/5/2021 3:44:06 PM,,,,,,,,,,,,,,,
Application version: AFT Fathom Version 11 (2020.04.22),,,,,,,,,,,,,,,
,,,,,,,,,,,,,,,
Scenario: Null&Void/Full Loop Non Var- Base Conditions,,,,,,,,,,,,,,,
,,,,,,,,,,,,,,,
 ,,,,,,,,,,,,,,,
Execution Time= 1.03 seconds,,,,,,,,,,,,,,,
Total Number Of Head/Pressure Iterations= 419,,,,,,,,,,,,,,,
Total Number Of Flow Iterations= 34,,,,,,,,,,,,,,,
Total Number Of Temperature Iterations= 0,,,,,,,,,,,,,,,
Number Of Pipes= 262,,,,,,,,,,,,,,,
Number Of Junctions= 237,,,,,,,,,,,,,,,
Matrix Method= Gaussian Elimination,,,,,,,,,,,,,,,
 ,,,,,,,,,,,,,,,
Pressure/Head Tolerance= 0.0001 relative change,,,,,,,,,,,,,,,
Flow Rate Tolerance= 0.0001 relative change,,,,,,,,,,,,,,,
Temperature Tolerance= 0.0001 relative change,,,,,,,,,,,,,,,
Flow Relaxation=  (Automatic),,,,,,,,,,,,,,,
Pressure Relaxation=  (Automatic),,,,,,,,,,,,,,,
 ,,,,,,,,,,,,,,,
Constant Fluid Property Model,,,,,,,,,,,,,,,
Fluid Database: AFT Standard,,,,,,,,,,,,,,,
Fluid: Water at 1 atm,,,,,,,,,,,,,,,
Max Fluid Temperature Data= 212 deg. F,,,,,,,,,,,,,,,
Min Fluid Temperature Data= 32 deg. F,,,,,,,,,,,,,,,
Temperature= 48 deg. F,,,,,,,,,,,,,,,
Density= 62.41817 lbm/ft3,,,,,,,,,,,,,,,
Viscosity= 3.28892 lbm/hr-ft,,,,,,,,,,,,,,,
Vapor Pressure= 0.15817 psia,,,,,,,,,,,,,,,
Viscosity Model= Newtonian,,,,,,,,,,,,,,,
"Apply laminar and non-Newtonian correction to: Pipe Fittings & Losses, Junction K factors, Junction Special Losses, Junction Polynomials",,,,,,,,,,,,,,,
"Corrections applied to the following junctions: Branch, Reservoir, Assigned Flow, Assigned Pressure, Area Change, Bend, Tee or Wye, Spray Discharge, Relief Valve",,,,,,,,,,,,,,,
 ,,,,,,,,,,,,,,,
Ambient Pressure (constant)= 1 atm,,,,,,,,,,,,,,,
Gravitational Acceleration= 1 g,,,,,,,,,,,,,,,
Turbulent Flow Above Reynolds Number= 4000,,,,,,,,,,,,,,,
Laminar Flow Below Reynolds Number= 2300,,,,,,,,,,,,,,,
Total Inflow= 14.44 gal/min,,,,,,,,,,,,,,,
Total Outflow= 14.44 gal/min,,,,,,,,,,,,,,,
Maximum Static Pressure is 228.3 psia at Pipe 77 Inlet,,,,,,,,,,,,,,,
Minimum Static Pressure is 143.8 psia at Pipe 165 Outlet,,,,,,,,,,,,,,,
,,,,,,,,,,,,,,,
,,,,,,,,,,,,,,,
Pump Summary,,,,,,,,,,,,,,,
,,,,,,,,,,,,,,,
Jct,Results Diagram,Name,Vol. Flow (gal/min),Mass Flow (lbm/sec),dP  (psid),dH  (feet),Overall Efficiency (Percent),Speed  (Percent),Overall Power (hp),BEP  (gal/min),% of BEP (Percent),NPSHA  (feet),NPSHR  (feet),,
54,Show,Pump,4766.3,662.84,73.29,169.07,N/A,100,203.7,N/A,N/A,351.2,15.25,,
153,Show,Pump,4760.9,662.09,73.33,169.17,N/A,100,203.6,N/A,N/A,351.1,15.23,,
159,Show,Pump,4750.4,660.63,73.42,169.37,N/A,100,203.4,N/A,N/A,351,15.21,,
165,Show,Pump,4719.7,656.36,73.66,169.94,N/A,100,202.8,N/A,N/A,350.7,15.12,,
171,Show,Pump,4711.8,655.27,73.73,170.09,N/A,100,202.6,N/A,N/A,350.6,15.1,,
177,Show,Pump,0,0,83.52,192.68,N/A,100,0,N/A,N/A,N/A,N/A,,
421,Show,Pump,468.3,65.13,-46.93,-108.27,100,N/A,N/A,N/A,N/A,522.7,N/A,,
422,Show,Pump,2865,398.43,-50.24,-115.89,100,N/A,N/A,N/A,N/A,524,N/A,,
423,Show,Pump,804.7,111.91,-45.7,-105.43,100,N/A,N/A,N/A,N/A,516.3,N/A,,
424,Show,Pump,2390,332.37,-41.07,-94.75,100,N/A,N/A,N/A,N/A,514.6,N/A,,
425,Show,Pump,1395,194,-37.33,-86.13,100,N/A,N/A,N/A,N/A,510.6,N/A,,
426,Show,Pump,6505,904.64,-20.03,-46.21,100,N/A,N/A,N/A,N/A,490.6,N/A,,
427,Show,Pump,2425,337.24,-47.4,-109.34,100,N/A,N/A,N/A,N/A,520.7,N/A,,
428,Show,Pump,1755,244.06,-47.32,-109.18,100,N/A,N/A,N/A,N/A,520.1,N/A,,
429,Show,Pump,640,89,-42.01,-96.92,100,N/A,N/A,N/A,N/A,514.3,N/A,,
430,Show,Pump,1452.3,201.97,-43.28,-99.85,100,N/A,N/A,N/A,N/A,521.5,N/A,,
433,Show,Pump,336.7,46.82,-49.03,-113.12,100,N/A,N/A,N/A,N/A,523.1,N/A,,
434,Show,Pump,207.5,28.86,-32.11,-74.09,100,N/A,N/A,N/A,N/A,504.6,N/A,,
437,Show,Pump,2000,278.14,-49.14,-113.36,100,N/A,N/A,N/A,N/A,523.2,N/A,,
440,Show,Pump,195,27.12,-48.58,-112.08,100,N/A,N/A,N/A,N/A,502.6,N/A,,
441,Show,Pump,273,37.97,-51.49,-118.78,100,N/A,N/A,N/A,N/A,488.9,N/A,,
,,,,,,,,,,,,,,,
,,,,,,,,,,,,,,,
Valve Summary,,,,,,,,,,,,,,,
,,,,,,,,,,,,,,,
Jct,Name,Valve Type,Vol. Flow (gal/min),Mass Flow (lbm/sec),dP Stag.  (psid),dH  (feet),P Static In (psia),Cv,K,Valve State,,,,,
8,Valve,REGULAR,9077.3,1262.36,0.1060595,0.2446814,224.7,27882.5,0.3,Open,,,,,
9,Valve,REGULAR,3847.3,535.04,0.0190523,0.0439541,225.7,27882.5,0.3,Open,,,,,
15,Valve,REGULAR,10497.5,1459.87,0.141843,0.3272347,223.7,27882.5,0.3,Open,,,,,
23,Valve,REGULAR,207.5,28.86,0.0001874,0.0004323,219.5,15163.3,0.3141,Open,,,,,
26,Valve,REGULAR,207.5,28.86,0.0240917,0.05558,218.9,1337.3,0.6735,Open,,,,,
33,Valve,REGULAR,1452.3,201.97,0.0532384,0.122822,227,6296.4,0.4561,Open,,,,,
38,Valve,REGULAR,640,89,0.0103388,0.0238519,225.8,6296.4,0.4561,Open,,,,,
39,Valve,REGULAR,23439.5,3259.69,0.2531087,0.583927,226,46606.3,0.3,Open,,,,,
40,Valve,REGULAR,2425,337.24,0.1484347,0.3424419,225.7,6296.4,0.4561,Open,,,,,
44,Valve,REGULAR,2390,332.37,0.0537416,0.1239831,223,10313.2,0.17,Open,,,,,
46,Valve,REGULAR,23439.5,3259.69,0.2531087,0.583927,214.7,46606.3,0.3,Open,,,,,
51,Valve,REGULAR,4766.3,662.84,0.1639372,0.3782064,219.8,11775.9,0.325,Open,,,,,
106,Valve,REGULAR,9430.1,1311.43,0.1144651,0.2640734,215.5,27882.5,0.3,Open,,,,,
107,Valve,REGULAR,4711.8,655.27,0.0285771,0.0659278,215.9,27882.5,0.3,Open,,,,,
108,Valve,REGULAR,0,0,N/A,N/A,216,N/A,N/A,Open,,,,,
112,Valve,REGULAR,0,0,N/A,N/A,144.4,N/A,N/A,Open,,,,,
115,Valve,REGULAR,4711.8,655.27,0.0285771,0.0659278,144.4,27882.5,0.3,Open,,,,,
117,Valve,REGULAR,9430.1,1311.43,0.1144651,0.2640734,144.2,27882.5,0.3,Open,,,,,
X125,Valve,REGULAR,0,0,N/A,N/A,N/A,N/A,N/A,Closed By User,,,,,
149,Valve,REGULAR,4766.3,662.84,0.1639372,0.3782064,149.8,11775.9,0.325,Open,,,,,
152,Valve,REGULAR,4760.9,662.09,0.1635668,0.3773518,219.8,11775.9,0.325,Open,,,,,
155,Valve,REGULAR,4760.9,662.09,0.1635668,0.3773518,149.7,11775.9,0.325,Open,,,,,
158,Valve,REGULAR,4750.4,660.63,0.1628432,0.3756825,219.8,11775.9,0.325,Open,,,,,
161,Valve,REGULAR,4750.4,660.63,0.1628432,0.3756825,149.7,11775.9,0.325,Open,,,,,
164,Valve,REGULAR,4719.7,656.36,0.1607439,0.3708394,220,11775.9,0.325,Open,,,,,
167,Valve,REGULAR,4719.7,656.36,0.1607439,0.3708394,149.5,11775.9,0.325,Open,,,,,
170,Valve,REGULAR,4711.8,655.27,0.160211,0.36961,220,11775.9,0.325,Open,,,,,
173,Valve,REGULAR,4711.8,655.27,0.160211,0.36961,149.5,11775.9,0.325,Open,,,,,
X176,Valve,REGULAR,0,0,N/A,N/A,N/A,N/A,N/A,Closed By User,,,,,
X179,Valve,REGULAR,0,0,N/A,N/A,150.1,N/A,N/A,Closed By User,,,,,
186,Valve,REGULAR,0,0,N/A,N/A,N/A,N/A,N/A,Open,,,,,
X187,Valve,REGULAR,0,0,N/A,N/A,157.9,N/A,N/A,Closed By User,,,,,
192,Valve,REGULAR,4468.3,621.39,0.1440755,0.332385,157.4,11775.9,0.325,Open,,,,,
194,Valve,REGULAR,4468.3,621.39,0.1440755,0.332385,159.4,11775.9,0.325,Open,,,,,
196,Valve,REGULAR,4468.3,621.39,0.8644528,1.9943102,151.8,4807.5,1.95,Open,,,,,
199,Valve,REGULAR,4424.6,615.32,0.1412708,0.3259147,157.3,11775.9,0.325,Open,,,,,
201,Valve,REGULAR,4424.6,615.32,0.1412708,0.3259147,159.3,11775.9,0.325,Open,,,,,
203,Valve,REGULAR,4424.6,615.32,0.847625,1.9554881,151.8,4807.5,1.95,Open,,,,,
206,Valve,REGULAR,4808,668.64,0.0622437,0.1435976,157.3,19278.1,0.3,Open,,,,,
208,Valve,REGULAR,4808,668.64,0.0622437,0.1435976,159.4,19278.1,0.3,Open,,,,,
210,Valve,REGULAR,4808,668.64,0.3734624,0.8615855,151.8,7870.2,1.8,Open,,,,,
213,Valve,REGULAR,4653.3,647.12,0.0583034,0.134507,157.2,19278.1,0.3,Open,,,,,
215,Valve,REGULAR,4653.3,647.12,0.0583034,0.134507,159.3,19278.1,0.3,Open,,,,,
217,Valve,REGULAR,4653.3,647.12,0.3498201,0.8070421,152,7870.2,1.8,Open,,,,,
220,Valve,REGULAR,5356.9,744.98,0.0772691,0.1782614,157,19278.1,0.3,Open,,,,,
222,Valve,REGULAR,5356.9,744.98,0.0772691,0.1782614,159.1,19278.1,0.3,Open,,,,,
224,Valve,REGULAR,5356.9,744.98,0.4636145,1.0695681,152.2,7870.2,1.8,Open,,,,,
232,Valve,REGULAR,9077.3,1262.36,0.1060595,0.2446814,175.1,27882.5,0.3,Open,,,,,
233,Valve,REGULAR,3847.3,535.04,0.0190523,0.0439541,178,27882.5,0.3,Open,,,,,
239,Valve,REGULAR,10497.5,1459.87,0.141843,0.3272347,180.7,27882.5,0.3,Open,,,,,
247,Valve,REGULAR,207.5,28.86,0.0240917,0.05558,186.2,1337.3,0.6735,Open,,,,,
250,Valve,REGULAR,207.5,28.86,0.0240917,0.05558,186.7,1337.3,0.6735,Open,,,,,
257,Valve,REGULAR,1452.3,201.97,0.0532384,0.122822,181.9,6296.4,0.4561,Open,,,,,
262,Valve,REGULAR,640,89,0.2291875,0.5287403,180.5,1337.3,0.6735,Open,,,,,
263,Valve,REGULAR,23439.5,3259.69,0.2531087,0.583927,171.2,46606.3,0.3,Open,,,,,
264,Valve,REGULAR,2425,337.24,0.1484347,0.3424419,178.1,6296.4,0.4561,Open,,,,,
265,Valve,REGULAR,2390,332.37,0.0537416,0.1239831,181.8,10313.2,0.17,Open,,,,,
269,Valve,REGULAR,0,0,N/A,N/A,155.1,N/A,N/A,Open,,,,,
271,Valve,REGULAR,0,0,N/A,N/A,149.8,N/A,N/A,Open,,,,,
273,Valve,REGULAR,5356.9,744.98,0.0331172,0.0764021,155.1,29446.9,0.3,Open,,,,,
274,Valve,REGULAR,5356.9,744.98,0.070473,0.1625826,149.5,20186.2,0.3,Open,,,,,
275,Valve,REGULAR,10008,1391.8,0.1155895,0.2666673,155,29446.9,0.3,Open,,,,,
276,Valve,REGULAR,14815.7,2060.4,0.1011247,0.2332967,155.2,46606.3,0.3,Open,,,,,
277,Valve,REGULAR,10008,1391.8,0.1155895,0.2666673,149.3,29446.9,0.3,Open,,,,,
279,Valve,REGULAR,14813.8,2060.13,0.2532527,0.584259,148.7,29446.9,0.3,Open,,,,,
X305,Valve,REGULAR,0,0,N/A,N/A,N/A,N/A,N/A,Closed By User,,,,,
X306,Valve,REGULAR,0,0,N/A,N/A,215.7,N/A,N/A,Closed By User,,,,,
308,Valve,REGULAR,273,37.97,0.7630231,1.7603098,158.2,312.6,0.8069,Open,,,,,
309,Valve,REGULAR,273,37.97,0.7630231,1.7603098,213.3,312.6,0.8069,Open,,,,,
312,Valve,REGULAR,23439.5,3259.69,0.2531087,0.583927,156.6,46606.3,0.3,Open,,,,,
329,Control Valve,FCV,0,0,N/A,N/A,N/A,N/A,N/A,Opened By User,,,,,
330,Control Valve,FCV,4468.3,621.39,0,0,161.4,N/A,0,Opened By User,,,,,
331,Control Valve,FCV,4424.6,615.32,0,0,161.4,N/A,0,Opened By User,,,,,
332,Control Valve,FCV,4808,668.64,0,0,162,N/A,0,Opened By User,,,,,
333,Control Valve,FCV,4653.3,647.12,0,0,161.9,N/A,0,Opened By User,,,,,
334,Control Valve,FCV,5356.9,744.98,0,0,161.6,N/A,0,Opened By User,,,,,
412,Control Valve,PDCV,23705.8,3296.73,3,6.9210613,147.4,13691.3,3.4763,Open,,,,,
52,Valve,CHECK,4766.3,662.84,0.1639372,0.3782064,221.7,11775.9,0.325,Open,,,,,
154,Check Valve,CHECK,4760.9,662.09,0.1635667,0.3773518,221.7,11775.9,0.325,Open,,,,,
160,Check Valve,CHECK,4750.4,660.63,0.1628431,0.3756824,221.8,11775.9,0.325,Open,,,,,
166,Check Valve,CHECK,4719.7,656.36,0.1607439,0.3708394,221.9,11775.9,0.325,Open,,,,,
172,Check Valve,CHECK,4711.8,655.27,0.160211,0.3696099,221.9,11775.9,0.325,Open,,,,,
178,Check Valve,CHECK,0,0,N/A,N/A,N/A,N/A,N/A,Open,,,,,
,,,,,,,,,,,,,,,
,,,,,,,,,,,,,,,
Pipe Output Table,,,,,,,,,,,,,,,
,,,,,,,,,,,,,,,
Pipe,Name ,Vol. Flow Rate (gal/min),Velocity  (feet/sec),P Static Max (psia),P Static Min (psia),Elevation Inlet (feet),Elevation Outlet (feet),dP Stag. Total (psid),dP Static Total (psid),dP Gravity (psid),dH  (feet),P Static In  (psia),P Static Out (psia),P Stag. In  (psia),P Stag. Out  (psia)
16,Pipe,23439.5,11.1915,226.2,225.8,99,94.5,-0.46034205,-0.46034205,-1.9506,3.43798134,225.8,226.2,226.6,227.1
17,Pipe,9077.3,7.2445,227.9,226.7,94.5,91.5,-1.21607149,-1.21607149,-1.3004,0.19449823,226.7,227.9,227.1,228.3
18,Pipe,9077.3,7.2445,227.9,224.7,91.5,97,3.22647572,3.22647572,2.384,1.94354501,227.9,224.7,228.3,225.1
19,Pipe,2000,3.6311,224.9,224.8,97,97,0.05077856,0.05077856,0,0.11714718,224.9,224.8,225,224.9
20,Pipe,7077.3,5.6483,226.7,224.7,97,92,-1.98084879,-1.98084879,-2.1673,0.43014132,224.7,226.7,225,226.9
21,Pipe,468.3,5.2006,226.7,226.1,92,92,0.55463326,0.55463326,0,1.27955026,226.7,226.1,226.8,226.3
22,Pipe,468.3,5.2006,226.5,226,92,90,-0.53081048,-0.53081048,-0.8669,0.77540926,226,226.5,226.2,226.7
23,Pipe,6272.3,5.0058,226.7,226.4,92,92,0.2833949,0.2833949,0,0.65379783,226.7,226.4,226.8,226.6
24,Pipe,6272.3,5.0058,226.3,226,92,92.5,0.31283763,0.31283763,0.2167,0.2217228,226.3,226,226.5,226.2
25,Pipe,2425,6.9509,225.8,225.7,92.5,92.5,0.09847005,0.09847005,0,0.22717241,225.8,225.7,226.2,226.1
26,Pipe,3847.3,3.0705,226.1,225.7,92.5,93,0.36209929,0.36209929,0.2167,0.33537044,226.1,225.7,226.2,225.8
27,Pipe,9077.3,7.2445,224.6,224.6,97,97,0.01239808,0.01239808,0,0.02860262,224.6,224.6,225,225
28,Pipe,3847.3,3.0705,225.7,225.7,93,93,0.00148053,0.00148053,0,0.0034156,225.7,225.7,225.8,225.8
29,Pipe,1755,3.1863,225.7,225.5,93,93,0.17557909,0.17557909,0,0.40506454,225.7,225.5,225.8,225.6
30,Pipe,2092.3,3.0011,225.7,223.9,93,97,1.83215046,1.83215046,1.7338,0.22680854,225.7,223.9,225.8,224
31,Pipe,2092.3,5.9972,226.5,226.3,89,88,-0.26959622,-0.26959622,-0.4335,0.37803595,226.3,226.5,226.5,226.8
32,Pipe,14362.2,11.4623,226.5,226.2,94.5,92.5,-0.32744008,-0.32744008,-0.8669,1.24458897,226.2,226.5,227.1,227.4
33,Pipe,2865,6.7949,227.1,227,92.5,92.5,0.12627214,0.12627214,0,0.29131241,227.1,227,227.4,227.3
34,Pipe,11497.2,9.1758,226.8,217.4,92.5,112,9.40571785,9.40571785,8.4525,2.19918384,226.8,217.4,227.4,218
35,Pipe,11302.2,9.0202,224,222.9,98,95,-1.09326601,-1.09326601,-1.3004,0.47781292,222.9,224,223.4,224.5
36,Pipe,804.7,5.1607,224.3,223.8,95,95,0.59328759,0.59328759,0,1.36872658,224.3,223.8,224.5,223.9
37,Pipe,10497.5,8.3779,224.1,223.7,95,91.5,0.39424658,0.39424658,-1.5171,4.40953479,224.1,223.7,224.5,224.1
38,Pipe,10497.5,8.3779,224.2,223.5,91.5,90,-0.64037812,-0.64037812,-0.6502,0.02263453,223.5,224.2,224,224.6
43,Pipe,8107.5,11.6289,223.7,220.7,90,91,3.03977418,3.03977418,0.4335,6.01282115,223.7,220.7,224.6,221.6
44,Pipe,1395,2.0009,221.6,221.5,91,91,0.05241858,0.05241858,0,0.12093073,221.6,221.5,221.6,221.5
45,Pipe,1395,2.0009,221.5,221.5,91,91,0.04193234,0.04193234,0,0.09673876,221.5,221.5,221.5,221.5
47,Pipe,6712.5,9.628,221,219.7,91,91,1.31083786,1.31083786,0,3.02412973,221,219.7,221.6,220.3
48,Pipe,6712.5,9.628,219.3,218.8,91,91,0.51414037,0.51414037,0,1.18613233,219.3,218.8,220,219.5
49,Pipe,207.5,0.2976,219.5,219.5,91,91,0.0000204,0.0000204,0,0.00004707,219.5,219.5,219.5,219.5
50,Pipe,207.5,2.3043,219.4,219.3,91,91,0.13570918,0.13570918,0,0.31308385,219.4,219.3,219.5,219.3
51,Pipe,207.5,2.3043,219.3,219.1,91,91,0.16427954,0.16427954,0,0.37899624,219.3,219.1,219.3,219.1
52,Pipe,207.5,2.3043,219.1,218.9,91,91,0.16427954,0.16427954,0,0.37899624,219.1,218.9,219.1,218.9
53,Pipe,207.5,2.3043,218.9,218.8,91,91,0.03571294,0.03571294,0,0.08239049,218.9,218.8,218.9,218.9
55,Pipe,6505,9.3304,218.9,218.6,91,91,0.22784737,0.22784737,0,0.52564853,218.9,218.6,219.5,219.2
56,Pipe,6505,26.4668,214.5,208.1,91,91,6.39175415,6.39175415,0,14.74590738,214.5,208.1,219.2,212.8
58,Pipe,0,0,219.2,219.2,91,91,0,0,0,0,219.2,219.2,219.2,219.2
59,Pipe,640,1.8345,226.8,225.9,88,90,0.87927139,0.87927139,0.8669,0.0284971,226.8,225.9,226.8,225.9
60,Pipe,1452.3,4.1628,227,226.7,88,87,-0.33031303,-0.33031303,-0.4335,0.2379611,226.7,227,226.8,227.1
61,Pipe,1452.3,4.1628,227,227,87,87,0.00281309,0.00281309,0,0.00648985,227,227,227.1,227.1
63,Pipe,1452.3,4.1628,226.9,226.8,87,87,0.1275266,0.1275266,0,0.29420646,226.9,226.8,227,226.9
65,Pipe,1452.3,4.1628,226.7,226.6,87,87,0.11252347,0.11252347,0,0.25959394,226.7,226.6,226.9,226.7
67,Pipe,1452.3,4.1628,226.6,226.2,87,87,0.37507823,0.37507823,0,0.86531314,226.6,226.2,226.7,226.3
69,Pipe,1452.3,4.1628,226.1,226.1,87,87,0.05719944,0.05719944,0,0.13196029,226.1,226.1,226.3,226.2
71,Pipe,2092.3,5.9972,226.4,226.3,90,89,-0.11690557,-0.11690557,-0.4335,0.73029643,226.3,226.4,226.5,226.6
72,Pipe,640,1.8345,225.9,225.8,90,90,0.01523455,0.01523455,0,0.03514643,225.9,225.8,225.9,225.9
74,Pipe,640,7.1074,225.5,222.7,90,93,2.79097319,2.79097319,1.3004,3.43883225,225.5,222.7,225.9,223.1
75,Pipe,23439.5,11.1915,226,214.4,129,99,-11.59751701,-11.59751701,-13.0038,3.2442912,214.4,226,215.3,226.9
76,Pipe,2425,6.9509,225.6,225.5,92.5,92.5,0.05908203,0.05908203,0,0.13630345,225.6,225.5,225.9,225.9
77,Pipe,0,0,228.3,228.3,91.5,91.5,0,0,0,0,228.3,228.3,228.3,228.3
80,Pipe,2390,6.8505,223,222.8,92.5,91.5,-0.17002618,-0.17002618,-0.4335,0.60774609,222.8,223,223.1,223.3
81,Pipe,2390,6.8505,222.9,222.9,91.5,91.5,0.03831756,0.03831756,0,0.08839939,222.9,222.9,223.2,223.2
82,Pipe,2390,3.4281,223.2,223.1,92.5,92.5,0.09898528,0.09898528,0,0.22836106,223.2,223.1,223.3,223.2
83,Pipe,2390,3.4281,224.6,223.2,90,92.5,1.33326387,1.33326387,1.0836,0.575867,224.6,223.2,224.6,223.3
84,Pipe,2092.3,5.9972,226.4,223.7,97,90,-2.69904184,-2.69904184,-3.0342,0.77325504,223.7,226.4,223.9,226.6
86,Pipe,23439.5,11.1915,214.8,214.7,129,129,0.15951708,0.15951708,0,0.36800916,214.8,214.7,215.7,215.5
87,Pipe,23712.5,11.3218,214.8,214.8,129,129,0.01716918,0.01716918,0,0.03960966,214.8,214.8,215.7,215.7
88,Pipe,23712.5,11.3218,214.9,214.8,129,129,0.01716918,0.01716918,0,0.03960966,214.9,214.8,215.7,215.7
89,Pipe,4766.3,8.6535,219.6,215.2,119,129,4.3905611,4.3905611,4.3346,0.12911465,219.6,215.2,220.1,215.7
90,Pipe,4766.3,8.6535,221.5,219.8,115,119,1.75655556,1.75655556,1.7338,0.05240972,221.5,219.8,222,220.3
93,Pipe,4766.3,8.6535,223.9,221.7,110,115,2.19569445,2.19569445,2.1673,0.06551215,223.9,221.7,224.4,222.2
97,Pipe,4766.3,8.6535,152.2,149.6,116,110,-2.56668091,-2.56668091,-2.6008,0.07861458,149.6,152.2,150.1,152.7
98,Pipe,4766.3,8.6535,149.8,144.2,129,116,-5.56114149,-5.56114149,-5.635,0.17033158,144.2,149.8,144.7,150.3
149,Pipe,18940.8,9.0435,215.2,215.2,129,129,0.02372663,0.02372663,0,0.05473781,215.2,215.2,215.7,215.7
150,Pipe,14179.3,10.7152,215,215,129,129,0.04311996,0.04311996,0,0.09947863,215,215,215.8,215.7
151,Pipe,9430.1,7.5261,215.5,215.5,129,129,0.01599674,0.01599674,0,0.03690482,215.5,215.5,215.9,215.9
152,Pipe,4711.8,3.7605,215.9,215.9,129,129,0.00432189,0.00432189,0,0.00997069,215.9,215.9,216,216
153,Pipe,0,0,216,216,129,129,0,0,0,0,216,216,216,216
154,Pipe,9430.1,7.5261,215.4,215.4,129,129,0.00807826,0.00807826,0,0.01863671,215.4,215.4,215.8,215.8
155,Pipe,4711.8,3.7605,215.8,215.8,129,129,0.00150214,0.00150214,0,0.00346546,215.8,215.8,215.9,215.9
156,Pipe,0,0,216,216,129,129,0,0,0,0,216,216,216,216
157,Pipe,0,0,216,216,129,129,0,0,0,0,216,216,216,216
158,Pipe,0,0,144.4,144.4,129,129,0,0,0,0,144.4,144.4,144.4,144.4
159,Pipe,0,0,144.4,144.4,129,129,0,0,0,0,144.4,144.4,144.4,144.4
160,Pipe,0,0,144.4,144.4,129,129,0,0,0,0,144.4,144.4,144.4,144.4
161,Pipe,4711.8,3.7605,144.4,144.4,129,129,0.00216095,0.00216095,0,0.00498534,144.4,144.4,144.5,144.5
162,Pipe,4711.8,3.7605,144.4,144.3,129,129,0.00432189,0.00432189,0,0.00997069,144.4,144.3,144.4,144.4
163,Pipe,9430.1,7.5261,144.2,144.2,129,129,0.00799837,0.00799837,0,0.01845241,144.2,144.2,144.6,144.6
164,Pipe,9430.1,7.5261,144.1,144.1,129,129,0.01607663,0.01607663,0,0.03708911,144.1,144.1,144.5,144.5
165,Pipe,14179.2,11.3162,143.8,143.8,129,129,0.05237336,0.05237336,0,0.12082641,143.8,143.8,144.7,144.6
166,Pipe,18940.8,9.0435,144.1,144.1,129,129,0.02512231,0.02512231,0,0.05795768,144.1,144.1,144.7,144.7
167,Pipe,23705.8,11.3186,143.9,143.8,129,129,0.08874737,0.08874737,0,0.20474199,143.9,143.8,144.8,144.7
168,Pipe,23705.8,11.3186,144.4,144.3,129,129,0.04289963,0.04289963,0,0.09897033,144.4,144.3,145.2,145.2
171,Pipe,23705.8,11.3186,147.7,147.4,129,129,0.36215064,0.36215064,0,0.83548892,147.7,147.4,148.6,148.2
172,Pipe,23705.8,11.3186,148.2,148.2,129,129,0.03860967,0.03860967,0,0.0890733,148.2,148.2,149.1,149
173,Pipe,0,0,151.2,149.1,124,129,2.1672976,2.1672976,2.1673,0,151.2,149.1,151.2,149.1
185,Pipe,0,0,No Solution,No Solution,112,124,5.20151424,5.20151424,5.2015,0,No Solution,No Solution,No Solution,No Solution
191,Pipe,0,0,No Solution,No Solution,112,112,0,0,0,0,No Solution,No Solution,No Solution,No Solution
194,Pipe,4766.3,13.6619,151.1,151.1,110,110,0.00179254,0.00179254,0,0.00413543,151.1,151.1,152.4,152.4
196,Pipe,4760.9,8.6437,219.6,215.2,119,129,4.39056063,4.39056063,4.3346,0.12911288,219.6,215.2,220.1,215.7
197,Pipe,4760.9,8.6437,221.6,219.8,115,119,1.75650656,1.75650656,1.7338,0.05229677,221.6,219.8,222.1,220.3
198,Pipe,4760.9,8.6437,223.9,221.7,110,115,2.19563317,2.19563317,2.1673,0.06537097,223.9,221.7,224.4,222.2
199,Pipe,4760.9,8.6437,152.1,149.6,116,110,-2.56675434,-2.56675434,-2.6008,0.07844516,149.6,152.1,150.1,152.6
200,Pipe,4760.9,8.6437,149.7,144.2,129,116,-5.56130075,-5.56130075,-5.635,0.16996452,144.2,149.7,144.7,150.2
201,Pipe,4760.9,13.6464,151.1,151.1,110,110,0.00178864,0.00178864,0,0.00412642,151.1,151.1,152.4,152.4
203,Pipe,4750.4,8.6246,219.7,215.3,119,129,4.39044237,4.39044237,4.3346,0.12884105,219.7,215.3,220.2,215.8
204,Pipe,4750.4,8.6246,221.6,219.8,115,119,1.75641096,1.75641096,1.7338,0.0520761,221.6,219.8,222.1,220.3
205,Pipe,4750.4,8.6246,224,221.8,110,115,2.19551373,2.19551373,2.1673,0.06509513,224,221.8,224.5,222.3
206,Pipe,4750.4,8.6246,152.1,149.5,116,110,-2.56689787,-2.56689787,-2.6008,0.07811415,149.5,152.1,150,152.6
207,Pipe,4750.4,8.6246,149.7,144.1,129,116,-5.56161165,-5.56161165,-5.635,0.16924732,144.1,149.7,144.6,150.2
208,Pipe,4750.4,13.6162,151.1,151.1,110,110,0.00178101,0.00178101,0,0.00410882,151.1,151.1,152.3,152.3
210,Pipe,4719.7,8.5688,219.8,215.4,119,129,4.38959074,4.38959074,4.3346,0.1268753,219.8,215.4,220.3,215.9
211,Pipe,4719.7,8.5688,221.7,220,115,119,1.75613344,1.75613344,1.7338,0.05143573,221.7,220,222.2,220.5
212,Pipe,4719.7,8.5688,224.1,221.9,110,115,2.19516683,2.19516683,2.1673,0.06429467,224.1,221.9,224.6,222.4
213,Pipe,4719.7,8.5688,152,149.4,116,110,-2.56731415,-2.56731415,-2.6008,0.0771536,149.4,152,149.9,152.4
214,Pipe,4719.7,8.5688,149.5,144,129,116,-5.56251383,-5.56251383,-5.635,0.16716614,144,149.5,144.5,150
215,Pipe,4719.7,13.5282,150.9,150.9,110,110,0.00175887,0.00175887,0,0.00405775,150.9,150.9,152.2,152.2
217,Pipe,4711.8,8.5546,219.9,215.5,119,129,4.39015722,4.39015722,4.3346,0.12818281,219.9,215.5,220.4,216
218,Pipe,4711.8,8.5546,221.8,220,115,119,1.75606287,1.75606287,1.7338,0.05127312,221.8,220,222.3,220.5
219,Pipe,4711.8,8.5546,224.1,221.9,110,115,2.19507861,2.19507861,2.1673,0.0640914,224.1,221.9,224.6,222.4
220,Pipe,4711.8,8.5546,151.9,149.4,116,110,-2.56742001,-2.56742001,-2.6008,0.07690968,149.4,151.9,149.8,152.4
221,Pipe,4711.8,8.5546,149.5,144,129,116,-5.56274271,-5.56274271,-5.635,0.16663766,144,149.5,144.4,150
222,Pipe,4711.8,13.5057,150.9,150.9,110,110,0.00175325,0.00175325,0,0.00404478,150.9,150.9,152.1,152.1
224,Pipe,0,0,220.3,216,119,129,4.3345952,4.3345952,4.3346,0,220.3,216,220.3,216
225,Pipe,0,0,No Solution,No Solution,115,119,1.73383808,1.73383808,1.7338,0,No Solution,No Solution,No Solution,No Solution
226,Pipe,0,0,No Solution,No Solution,110,115,2.1672976,2.1672976,2.1673,0,No Solution,No Solution,No Solution,No Solution
227,Pipe,0,0,No Solution,No Solution,116,110,-2.60075712,-2.60075712,-2.6008,0,No Solution,No Solution,No Solution,No Solution
228,Pipe,0,0,150.1,144.4,129,116,-5.63497353,-5.63497353,-5.635,0,144.4,150.1,144.4,150.1
229,Pipe,0,0,No Solution,No Solution,110,110,0,0,0,0,No Solution,No Solution,No Solution,No Solution
230,Pipe,0,0,No Solution,No Solution,110,110,0,0,0,0,No Solution,No Solution,No Solution,No Solution
233,Pipe,0,0,No Solution,No Solution,119,112,-3.03421664,-3.03421664,-3.0342,0,No Solution,No Solution,No Solution,No Solution
234,Pipe,0,0,No Solution,No Solution,124,119,-2.1672976,-2.1672976,-2.1673,0,No Solution,No Solution,No Solution,No Solution
235,Pipe,0,0,157.9,155.8,129,124,-2.1672976,-2.1672976,-2.1673,0,155.8,157.9,155.8,157.9
236,Pipe,4468.3,8.1124,157.4,155.2,129,124,-2.14218903,-2.14218903,-2.1673,0.05792582,155.2,157.4,155.7,157.8
237,Pipe,4468.3,8.1124,161.4,161.4,112,112,0.00050217,0.00050217,0,0.00115852,161.4,161.4,161.9,161.9
238,Pipe,4468.3,8.1124,159.4,157.2,124,119,-2.14218903,-2.14218903,-2.1673,0.05792582,157.2,159.4,157.7,159.8
239,Pipe,4468.3,8.1124,162.2,159.2,119,112,-2.9890213,-2.9890213,-3.0342,0.10426648,159.2,162.2,159.7,162.6
240,Pipe,23705.8,11.3186,148.3,148.2,129,129,0.09437919,0.09437919,0,0.21773473,148.3,148.2,149.2,149.1
241,Pipe,4468.3,8.1124,150.9,148.7,124,129,2.1949234,2.1949234,2.1673,0.06373315,150.9,148.7,151.3,149.2
242,Pipe,4468.3,8.1124,157,151.8,112,124,5.26428556,5.26428556,5.2015,0.14481456,157,151.8,157.5,152.2
243,Pipe,4424.6,8.033,157.3,155.2,129,124,-2.14265466,-2.14265466,-2.1673,0.05685177,155.2,157.3,155.6,157.7
244,Pipe,4424.6,8.033,161.4,161.4,112,112,0.00049286,0.00049286,0,0.00113704,161.4,161.4,161.8,161.8
245,Pipe,4424.6,8.033,159.3,157.2,124,119,-2.14265466,-2.14265466,-2.1673,0.05685177,157.2,159.3,157.6,159.7
246,Pipe,4424.6,8.033,162.2,159.2,119,112,-2.98985934,-2.98985934,-3.0342,0.10233318,159.2,162.2,159.6,162.6
247,Pipe,19238.9,9.1858,148.6,148.6,129,129,0.06327041,0.06327041,0,0.14596613,148.6,148.6,149.2,149.2
248,Pipe,4424.6,8.033,151,148.8,124,129,2.19438791,2.19438791,2.1673,0.0624981,151,148.8,151.4,149.2
249,Pipe,4424.6,8.033,157.1,151.8,112,124,5.2631216,5.2631216,5.2015,0.14212942,157.1,151.8,157.5,152.3
250,Pipe,4808,5.5498,157.3,155.2,129,124,-2.15797114,-2.15797114,-2.1673,0.02151607,155.2,157.3,155.4,157.5
251,Pipe,4808,5.5498,162,162,112,112,0.00018653,0.00018653,0,0.00043032,162,162,162.2,162.2
252,Pipe,4808,5.5498,159.4,157.3,124,119,-2.15797114,-2.15797114,-2.1673,0.02151607,157.3,159.4,157.5,159.6
253,Pipe,4808,5.5498,162.4,159.4,119,112,-3.01742911,-3.01742911,-3.0342,0.03872892,159.4,162.4,159.6,162.6
254,Pipe,14813.8,11.1946,148.7,148.7,129,129,0.00551423,0.00551423,0,0.01272144,148.7,148.7,149.5,149.5
255,Pipe,4808,5.5498,151.5,149.3,124,129,2.17721248,2.17721248,2.1673,0.02287367,151.5,149.3,151.7,149.5
256,Pipe,4808,5.5498,157.1,151.8,112,124,5.22483015,5.22483015,5.2015,0.05379017,157.1,151.8,157.3,152.1
257,Pipe,4653.3,5.3713,157.2,155,129,124,-2.15852904,-2.15852904,-2.1673,0.0202291,155,157.2,155.2,157.4
258,Pipe,4653.3,5.3713,161.9,161.9,112,112,0.00017537,0.00017537,0,0.00040458,161.9,161.9,162.1,162.1
259,Pipe,4653.3,5.3713,159.3,157.1,124,119,-2.15852904,-2.15852904,-2.1673,0.0202291,157.1,159.3,157.3,159.5
260,Pipe,4653.3,5.3713,162.2,159.2,119,112,-3.01843333,-3.01843333,-3.0342,0.03641237,159.2,162.2,159.4,162.4
261,Pipe,10008,7.563,149.3,149.3,129,129,0.02865581,0.02865581,0,0.06610955,149.3,149.3,149.7,149.7
262,Pipe,4653.3,5.3713,151.7,149.5,124,129,2.1764667,2.1764667,2.1673,0.02115327,151.7,149.5,151.9,149.7
263,Pipe,4653.3,5.3713,157.2,152,112,124,5.2234354,5.2234354,5.2015,0.05057274,157.2,152,157.4,152.2
264,Pipe,5356.9,6.1835,157,154.9,129,124,-2.15585732,-2.15585732,-2.1673,0.02639309,154.9,157,155.1,157.3
265,Pipe,5356.9,6.1835,161.6,161.6,112,112,0.00022881,0.00022881,0,0.00052786,161.6,161.6,161.9,161.9
266,Pipe,5356.9,6.1835,159.1,157,124,119,-2.15585732,-2.15585732,-2.1673,0.02639309,157,159.1,157.2,159.4
267,Pipe,5356.9,6.1835,162,159,119,112,-3.01362395,-3.01362395,-3.0342,0.04750757,159,162,159.3,162.3
268,Pipe,5356.9,5.9053,149.5,149.5,129,129,0.0142832,0.0142832,0,0.03295163,149.5,149.5,149.8,149.8
269,Pipe,5356.9,6.1835,151.7,149.5,124,129,2.17873788,2.17873788,2.1673,0.02639309,151.7,149.5,152,149.8
270,Pipe,5356.9,6.1835,157.4,152.2,112,124,5.23011494,5.23011494,5.2015,0.06598273,157.4,152.2,157.7,152.4
271,Pipe,0,0,227.1,227.1,87,87,0,0,0,0,227.1,227.1,227.1,227.1
272,Pipe,9077.3,7.2445,176.5,175.2,91.5,94.5,1.38468575,1.38468575,1.3004,0.1944983,176.5,175.2,176.9,175.5
273,Pipe,23439.5,11.1915,174.7,171.2,94.5,99,3.44079304,3.44079304,1.9506,3.43798024,174.7,171.2,175.5,172.1
274,Pipe,9077.3,7.2445,176.5,175,97,91.5,-1.54157937,-1.54157937,-2.384,1.94354501,175,176.5,175.4,176.9
275,Pipe,2000,3.6311,175.4,175.4,97,97,0.0507785,0.0507785,0,0.11714705,175.4,175.4,175.5,175.5
276,Pipe,7077.3,5.6483,177.6,175.3,92,97,2.35374641,2.35374641,2.1673,0.43014108,177.6,175.3,177.8,175.5
277,Pipe,468.3,5.2006,178.3,177.7,92,92,0.5546332,0.5546332,0,1.27955012,178.3,177.7,178.5,177.9
278,Pipe,468.3,5.2006,179.6,178.4,90,92,1.20302749,1.20302749,0.8669,0.77540919,179.6,178.4,179.8,178.6
279,Pipe,6272.3,5.0058,178,177.7,92,92,0.28339493,0.28339493,0,0.6537979,178,177.7,178.2,177.9
280,Pipe,6272.3,5.0058,178.1,178,92.5,92,-0.12062192,-0.12062192,-0.2167,0.22172275,178,178.1,178.2,178.3
281,Pipe,2425,6.9509,177.9,177.8,92.5,92.5,0.09847005,0.09847005,0,0.22717243,177.9,177.8,178.3,178.2
282,Pipe,3847.3,3.0705,178.1,178,93,92.5,-0.07136023,-0.07136023,-0.2167,0.33537047,178,178.1,178.1,178.2
283,Pipe,9077.3,7.2445,175.1,175.1,97,97,0.01239811,0.01239811,0,0.02860268,175.1,175.1,175.5,175.5
284,Pipe,3847.3,3.0705,178,178,93,93,0.00148053,0.00148053,0,0.00341561,178,178,178.1,178.1
285,Pipe,1755,3.1863,178.2,178,93,93,0.17557909,0.17557909,0,0.40506454,178.2,178,178.3,178.1
286,Pipe,2092.3,3.0011,178.1,176.4,97,93,-1.63552582,-1.63552582,-1.7338,0.22680841,176.4,178.1,176.5,178.1
287,Pipe,2092.3,5.9972,181.2,180.6,88,89,0.59732276,0.59732276,0.4335,0.37803581,181.2,180.6,181.5,180.9
288,Pipe,14362.2,11.4623,176,174.6,92.5,94.5,1.40639794,1.40639794,0.8669,1.24458884,176,174.6,176.9,175.5
289,Pipe,2865,6.7949,176.7,176.6,92.5,92.5,0.12627214,0.12627214,0,0.29131241,176.7,176.6,177,176.9
290,Pipe,11497.2,9.1758,176.4,168.9,112,92.5,-7.49920273,-7.49920273,-8.4525,2.1991848,168.9,176.4,169.4,176.9
291,Pipe,11302.2,9.0202,177.1,175.6,95,98,1.50749099,1.50749099,1.3004,0.47781251,177.1,175.6,177.6,176.1
292,Pipe,804.7,5.1607,178.1,177.5,95,95,0.59328759,0.59328759,0,1.36872658,178.1,177.5,178.2,177.6
293,Pipe,10497.5,8.3779,180.6,177.2,91.5,95,3.42846322,3.42846322,1.5171,4.40953479,180.6,177.2,181.1,177.6
294,Pipe,10497.5,8.3779,181.4,180.7,90,91.5,0.66000038,0.66000038,0.6502,0.0226344,181.4,180.7,181.9,181.2
295,Pipe,640,7.1074,180.7,180.5,93,90,0.19021618,0.19021618,-1.3004,3.43883252,180.7,180.5,181.1,180.9
296,Pipe,2425,6.9509,178.1,178.1,92.5,92.5,0.05908203,0.05908203,0,0.13630344,178.1,178.1,178.5,178.4
297,Pipe,0,0,176.9,176.9,91.5,91.5,0,0,0,0,176.9,176.9,176.9,176.9
299,Pipe,8107.5,11.6289,183.1,181,91,90,2.17285514,2.17285514,-0.4335,6.01282115,183.1,181,184,181.9
300,Pipe,1395,2.0009,184.1,184,91,91,0.05241859,0.05241859,0,0.12093075,184.1,184,184.1,184
301,Pipe,1395,2.0009,184.1,184.1,91,91,0.04193233,0.04193233,0,0.09673873,184.1,184.1,184.1,184.1
302,Pipe,6712.5,9.628,184.7,183.4,91,91,1.31083798,1.31083798,0,3.02413,184.7,183.4,185.4,184
303,Pipe,6712.5,9.628,185.6,185,91,91,0.51414025,0.51414025,0,1.18613205,185.6,185,186.2,185.7
304,Pipe,207.5,0.2976,186.2,186.2,91,91,0.0000204,0.0000204,0,0.00004707,186.2,186.2,186.2,186.2
305,Pipe,207.5,2.3043,186.3,186.2,91,91,0.13570918,0.13570918,0,0.31308385,186.3,186.2,186.3,186.2
306,Pipe,207.5,2.3043,186.5,186.3,91,91,0.16427954,0.16427954,0,0.37899624,186.5,186.3,186.5,186.4
307,Pipe,207.5,2.3043,186.7,186.5,91,91,0.16427954,0.16427954,0,0.37899624,186.7,186.5,186.7,186.5
308,Pipe,207.5,2.3043,186.7,186.7,91,91,0.03571294,0.03571294,0,0.08239049,186.7,186.7,186.8,186.7
309,Pipe,6505,9.3304,185.8,185.6,91,91,0.22784737,0.22784737,0,0.52564853,185.8,185.6,186.4,186.2
310,Pipe,6505,26.4668,188.1,181.7,91,91,6.39175415,6.39175415,0,14.74590738,188.1,181.7,192.8,186.4
311,Pipe,0,0,186.4,186.4,91,91,0,0,0,0,186.4,186.4,186.4,186.4
312,Pipe,640,1.8345,181.4,180.6,90,88,-0.85456663,-0.85456663,-0.8669,0.02849725,180.6,181.4,180.6,181.5
313,Pipe,1452.3,4.1628,181.9,181.3,87,88,0.53660601,0.53660601,0.4335,0.23796108,181.9,181.3,182,181.5
314,Pipe,1452.3,4.1628,181.9,181.9,87,87,0.00281309,0.00281309,0,0.00648985,181.9,181.9,182,182
315,Pipe,1452.3,4.1628,182.1,181.9,87,87,0.1275266,0.1275266,0,0.29420646,182.1,181.9,182.2,182.1
316,Pipe,1452.3,4.1628,182.2,182.1,87,87,0.11252347,0.11252347,0,0.25959394,182.2,182.1,182.4,182.2
317,Pipe,1452.3,4.1628,182.7,182.3,87,87,0.37507823,0.37507823,0,0.86531314,182.7,182.3,182.8,182.4
318,Pipe,0,0,182,182,87,87,0,0,0,0,182,182,182,182
319,Pipe,1452.3,4.1628,182.8,182.7,87,87,0.05719943,0.05719943,0,0.13196025,182.8,182.7,182.9,182.9
320,Pipe,2092.3,5.9972,180.5,179.7,89,90,0.75001347,0.75001347,0.4335,0.73029643,180.5,179.7,180.7,180
321,Pipe,640,1.8345,180.6,180.6,90,90,0.01523455,0.01523455,0,0.03514643,180.6,180.6,180.6,180.6
322,Pipe,2390,6.8505,181.7,181,91.5,92.5,0.69689286,0.69689286,0.4335,0.60774609,181.7,181,182,181.3
323,Pipe,2390,6.8505,181.8,181.8,91.5,91.5,0.03831758,0.03831758,0,0.08839943,181.8,181.8,182.1,182.1
324,Pipe,2390,3.4281,181.1,181,92.5,92.5,0.09898528,0.09898528,0,0.22836106,181.1,181,181.2,181.1
325,Pipe,2390,3.4281,181.8,181,92.5,90,-0.83403373,-0.83403373,-1.0836,0.57586704,181,181.8,181,181.9
326,Pipe,2092.3,5.9972,179.6,176.3,90,97,3.36939144,3.36939144,3.0342,0.77325504,179.6,176.3,179.9,176.5
327,Pipe,0,0,155.1,155.1,129,129,0,0,0,0,155.1,155.1,155.1,155.1
328,Pipe,0,0,155.1,154.7,129,130,0.43345952,0.43345952,0.4335,0,155.1,154.7,155.1,154.7
329,Pipe,0,0,149.8,149.8,129,129,0,0,0,0,149.8,149.8,149.8,149.8
330,Pipe,0,0,149.8,149.8,129,129,0,0,0,0,149.8,149.8,149.8,149.8
331,Pipe,5356.9,4.0482,155.1,155.1,129,129,0.01280644,0.01280644,0,0.02954472,155.1,155.1,155.2,155.2
332,Pipe,5356.9,5.9053,154.9,154.9,129,129,0.0142832,0.0142832,0,0.03295163,154.9,154.9,155.1,155.1
333,Pipe,5356.9,4.0482,149.6,149.6,129,129,0.01149186,0.01149186,0,0.02651195,149.6,149.6,149.7,149.7
334,Pipe,10008,7.563,154.8,154.8,129,129,0.02872026,0.02872026,0,0.06625823,154.8,154.8,155.2,155.2
335,Pipe,10008,7.563,155,155,129,129,0.04168119,0.04168119,0,0.09615935,155,155,155.4,155.3
336,Pipe,14815.7,11.1961,154.6,154.5,129,129,0.08831518,0.08831518,0,0.20374493,154.6,154.5,155.5,155.4
337,Pipe,10008,7.563,149.2,149.1,129,129,0.04174563,0.04174563,0,0.09630803,149.2,149.1,149.5,149.5
338,Pipe,14815.7,7.0739,155.3,155.2,129,129,0.02794763,0.02794763,0,0.06447575,155.3,155.2,155.6,155.6
339,Pipe,19238.9,9.1858,155.1,155,129,129,0.06327041,0.06327041,0,0.14596613,155.1,155,155.7,155.6
340,Pipe,14813.8,7.073,148.9,148.9,129,129,0.02810201,0.02810201,0,0.06483192,148.9,148.9,149.2,149.2
341,Pipe,23712.5,11.3218,154.9,154.8,129,129,0.0944305,0.0944305,0,0.21785309,154.9,154.8,155.8,155.7
342,Pipe,23712.5,11.3218,154.9,154.9,129,129,0.05579985,0.05579985,0,0.12873138,154.9,154.9,155.8,155.8
343,Pipe,23712.5,11.3218,155.6,155.4,129,129,0.25753775,0.25753775,0,0.59414486,155.6,155.4,156.5,156.2
344,Pipe,23712.5,11.3218,156.1,156,129,129,0.08584592,0.08584592,0,0.19804829,156.1,156,157,156.9
345,Pipe,0,0,157,157,129,129,0,0,0,0,157,157,157,157
346,Pipe,0,0,No Solution,No Solution,129,129,0,0,0,0,No Solution,No Solution,No Solution,No Solution
347,Pipe,0,0,215.7,215.7,129,129,0,0,0,0,215.7,215.7,215.7,215.7
348,Pipe,23712.5,11.3218,156.1,156.1,129,129,0.01716918,0.01716918,0,0.03960966,156.1,156.1,157,157
349,Pipe,273,11.8479,157.5,156.1,129,129,1.41930211,1.41930211,0,3.27435895,157.5,156.1,158.4,157
350,Pipe,273,11.8479,214.7,213.3,129,129,1.41930211,1.41930211,0,3.27435895,214.7,213.3,215.7,214.3
351,Pipe,273,11.8479,159.7,158.2,129,129,1.41930211,1.41930211,0,3.27435895,159.7,158.2,160.6,159.2
352,Pipe,273,11.8479,212.6,211.1,129,129,1.41930211,1.41930211,0,3.27435895,212.6,211.1,213.5,212.1
353,Pipe,23439.5,11.1915,156.3,156.2,129,129,0.15951671,0.15951671,0,0.3680083,156.3,156.2,157.2,157
356,Pipe,4711.8,19.171,223.4,223.4,110,110,0.00426184,0.00426184,0,0.00983216,223.4,223.4,225.9,225.9
358,Pipe,4719.7,19.2029,223.4,223.4,110,110,0.00427561,0.00427561,0,0.00986392,223.4,223.4,225.8,225.8
360,Pipe,4750.4,19.3279,223.2,223.2,110,110,0.00432984,0.00432984,0,0.00998903,223.2,223.2,225.7,225.7
362,Pipe,4760.9,19.3707,223.2,223.2,110,110,0.00434853,0.00434853,0,0.01003215,223.2,223.2,225.7,225.7
364,Pipe,4766.3,19.3927,223.1,223.1,110,110,0.0043581,0.0043581,0,0.01005422,223.1,223.1,225.7,225.7
365,Pipe,23439.5,11.1915,171,156.6,99,129,14.41005516,14.41005516,13.0038,3.2442912,171,156.6,171.8,157.4
366,Pipe,23705.8,11.3186,143.8,143.8,129,129,0.00053655,0.00053655,0,0.00123784,143.8,143.8,144.7,144.7
367,Pipe,0,0,No Solution,No Solution,112,112,0,0,0,0,No Solution,No Solution,No Solution,No Solution
368,Pipe,4468.3,8.1124,161.4,161.4,112,112,0.00050217,0.00050217,0,0.00115852,161.4,161.4,161.9,161.9
369,Pipe,4424.6,8.033,161.4,161.4,112,112,0.00049286,0.00049286,0,0.00113704,161.4,161.4,161.8,161.8
370,Pipe,4808,5.5498,162,162,112,112,0.00018653,0.00018653,0,0.00043032,162,162,162.2,162.2
371,Pipe,4653.3,5.3713,161.9,161.9,112,112,0.00017537,0.00017537,0,0.00040458,161.9,161.9,162.1,162.1
372,Pipe,5356.9,6.1835,161.6,161.6,112,112,0.00022881,0.00022881,0,0.00052786,161.6,161.6,161.9,161.9
373,Pipe,336.7,3.7391,226.8,226.8,92,92,0.034908,0.034908,0,0.08053347,226.8,226.8,226.9,226.9
374,Pipe,336.7,3.7391,177.8,177.7,92,92,0.034908,0.034908,0,0.08053347,177.8,177.7,177.9,177.8
375,Pipe,6740.6,5.3796,226.7,226.7,92,92,0.08749866,0.08749866,0,0.20186119,226.7,226.7,226.9,226.8
376,Pipe,6740.6,5.3796,177.7,177.6,92,92,0.08749866,0.08749866,0,0.20186119,177.7,177.6,177.9,177.8
377,Pipe,2000,1.5962,177.8,175.5,92,97,2.28520203,2.28520203,2.1673,0.27200769,177.8,175.5,177.8,175.5
378,Pipe,2000,1.5962,226.9,224.9,97,92,-2.04939318,-2.04939318,-2.1673,0.27200783,224.9,226.9,224.9,227
379,Pipe,195,0.1556,169.4,169.4,112,112,0.0000902,0.0000902,0,0.00020809,169.4,169.4,169.4,169.4
380,Pipe,195,0.1556,218,218,112,112,0.0000902,0.0000902,0,0.00020809,218,218,218,218
381,Pipe,11302.2,9.0202,175.3,168.9,98,112,6.44500113,6.44500113,6.0684,0.86874956,175.3,168.9,175.9,169.4
382,Pipe,11302.2,9.0202,223.1,217.5,112,98,-5.69186544,-5.69186544,-6.0684,0.86874997,217.5,223.1,218,223.7
,,,,,,,,,,,,,,,
,,,,,,,,,,,,,,,
All Junction Table,,,,,,,,,,,,,,,
,,,,,,,,,,,,,,,
Jct,Name,P Static In  (psia),P Static Out (psia),P Stag. In  (psia),P Stag. Out  (psia),Vol. Flow Rate Thru Jct (gal/min),Mass Flow Rate Thru Jct (lbm/sec),Loss Factor (K),,,,,,,
1,Tee or Wye,226.4,226.4,227.1,227.1,N/A,N/A,0,,,,,,,
3,Tee or Wye,224.7,224.7,225,225,N/A,N/A,0,,,,,,,
4,Tee or Wye,226.7,226.7,226.8,226.8,N/A,N/A,0,,,,,,,
5,Bend,226.1,226,226.3,226.2,468.3,65.13,0.5987,,,,,,,
6,Bend,226.4,226.3,226.6,226.5,6272.3,872.28,0.48,,,,,,,
7,Tee or Wye,226,226,226.2,226.2,N/A,N/A,0,,,,,,,
8,Valve,224.7,224.6,225.1,225,9077.3,1262.36,0.3,,,,,,,
9,Valve,225.7,225.7,225.8,225.8,3847.3,535.04,0.3,,,,,,,
10,Tee or Wye,225.7,225.7,225.8,225.8,N/A,N/A,0,,,,,,,
11,Bend,226.4,226.3,226.6,226.5,2092.3,290.97,0.52124,,,,,,,
12,Tee or Wye,226.8,226.8,227.4,227.4,N/A,N/A,0,,,,,,,
13,Bend,223.1,222.9,223.7,223.4,11302.2,1571.78,0.48,,,,,,,
14,Tee or Wye,224.1,224.1,224.5,224.5,N/A,N/A,0,,,,,,,
15,Valve,223.7,223.5,224.1,224,10497.5,1459.87,0.3,,,,,,,
16,Tee or Wye,224.2,224.2,224.6,224.6,N/A,N/A,0,,,,,,,
17,Bend,223.2,223.2,223.3,223.3,2390,332.37,0.50248,,,,,,,
19,Tee or Wye,221.2,221.2,221.6,221.6,N/A,N/A,0,,,,,,,
20,Bend,221.5,221.5,221.5,221.5,1395,194,0.50248,,,,,,,
21,Bend,219.7,219.3,220.3,220,6712.5,933.5,0.50248,,,,,,,
22,Tee or Wye,219.2,219.2,219.5,219.5,N/A,N/A,0,,,,,,,
23,Valve,219.5,219.4,219.5,219.5,207.5,28.86,0.31405,,,,,,,
24,Bend,219.3,219.3,219.3,219.3,207.5,28.86,0.5987,,,,,,,
25,Bend,219.1,219.1,219.1,219.1,207.5,28.86,0.5987,,,,,,,
26,Valve,218.9,218.9,218.9,218.9,207.5,28.86,0.67354,,,,,,,
28,Tee or Wye,218.3,218.3,219.2,219.2,N/A,N/A,0,,,,,,,
29,Dead End,219.2,219.2,219.2,219.2,0,0,0,,,,,,,
30,Tee or Wye,226.7,226.7,226.8,226.8,N/A,N/A,0,,,,,,,
31,Bend,225.9,225.9,225.9,225.9,640,89,0.52124,,,,,,,
32,Tee or Wye,227.1,227.1,227.1,227.1,N/A,N/A,0,,,,,,,
33,Valve,227,226.9,227.1,227,1452.3,201.97,0.45608,,,,,,,
34,Bend,226.8,226.7,226.9,226.9,1452.3,201.97,0.52124,,,,,,,
35,Bend,226.6,226.6,226.7,226.7,1452.3,201.97,0.52124,,,,,,,
36,Bend,226.2,226.1,226.3,226.3,1452.3,201.97,0.52124,,,,,,,
37,Bend,226.4,226.3,226.6,226.5,2092.3,290.97,0.52124,,,,,,,
38,Valve,225.8,225.5,225.9,225.9,640,89,0.45608,,,,,,,
39,Valve,226,225.8,226.9,226.6,23439.5,3259.69,0.3,,,,,,,
40,Valve,225.7,225.6,226.1,225.9,2425,337.24,0.45608,,,,,,,
41,Tee or Wye,228.1,228.1,228.3,228.3,N/A,N/A,0,,,,,,,
42,Dead End,228.3,228.3,228.3,228.3,0,0,0,,,,,,,
44,Valve,223,222.9,223.3,223.2,2390,332.37,0.17,,,,,,,
45,Area Change,223.9,223.7,224,223.9,2092.3,290.97,0.20833,,,,,,,
46,Valve,214.7,214.4,215.5,215.3,23439.5,3259.69,0.3,,,,,,,
48,Tee or Wye,214.8,214.8,215.7,215.7,N/A,N/A,0,,,,,,,
49,Tee or Wye,215.3,215.3,215.7,215.7,N/A,N/A,0,,,,,,,
50,Tee or Wye,215.1,215.1,215.7,215.7,N/A,N/A,0,,,,,,,
51,Valve,219.8,219.6,220.3,220.1,4766.3,662.84,0.325,,,,,,,
52,Valve,221.7,221.5,222.2,222,4766.3,662.84,0.325,,,,,,,
54,Pump,151.1,223.1,152.4,225.7,4766.3,662.84,0,,,,,,,
101,Tee or Wye,215.1,215.1,215.7,215.7,N/A,N/A,0,,,,,,,
102,Tee or Wye,215.3,215.3,215.8,215.8,N/A,N/A,0,,,,,,,
103,Tee or Wye,215.6,215.6,215.9,215.9,N/A,N/A,0,,,,,,,
104,Tee or Wye,215.9,215.9,216,216,N/A,N/A,0,,,,,,,
105,Tee or Wye,216,216,216,216,N/A,N/A,0,,,,,,,
106,Valve,215.5,215.4,215.9,215.8,9430.1,1311.43,0.3,,,,,,,
107,Valve,215.9,215.8,216,215.9,4711.8,655.27,0.3,,,,,,,
108,Valve,216,216,216,216,0,0,0,,,,,,,
109,Dead End,216,216,216,216,0,0,0,,,,,,,
110,Tee or Wye,144.4,144.4,144.4,144.4,N/A,N/A,0,,,,,,,
111,Dead End,144.4,144.4,144.4,144.4,0,0,0,,,,,,,
112,Valve,144.4,144.4,144.4,144.4,0,0,0,,,,,,,
113,Tee or Wye,144.3,144.3,144.4,144.4,N/A,N/A,0,,,,,,,
114,Tee or Wye,144.2,144.2,144.5,144.5,N/A,N/A,0,,,,,,,
115,Valve,144.4,144.4,144.5,144.4,4711.8,655.27,0.3,,,,,,,
116,Tee or Wye,144.1,144.1,144.6,144.6,N/A,N/A,0,,,,,,,
117,Valve,144.2,144.1,144.6,144.5,9430.1,1311.43,0.3,,,,,,,
118,Tee or Wye,144,144,144.7,144.7,N/A,N/A,0,,,,,,,
119,Tee or Wye,144.1,144.1,144.7,144.7,N/A,N/A,0,,,,,,,
123,Bend,148.2,147.7,149,148.6,23705.8,3296.73,0.48,,,,,,,
124,Tee or Wye,148.7,148.7,149.1,149.1,N/A,N/A,0,,,,,,,
X125,Valve,No Solution,151.2,No Solution,151.2,0,0,0,,,,,,,
142,Screen,No Solution,No Solution,No Solution,No Solution,0,0,0,,,,,,,
149,Valve,149.8,149.6,150.3,150.1,4766.3,662.84,0.325,,,,,,,
150,Bend,152.2,151.1,152.7,152.4,4766.3,662.84,0.55,,,,,,,
151,Bend,223.1,223.9,225.7,224.4,4766.3,662.84,0.5,,,,,,,
152,Valve,219.8,219.6,220.3,220.1,4760.9,662.09,0.325,,,,,,,
153,Pump,151.1,223.2,152.4,225.7,4760.9,662.09,0,,,,,,,
154,Check Valve,221.7,221.6,222.2,222.1,4760.9,662.09,0.325,,,,,,,
155,Valve,149.7,149.6,150.2,150.1,4760.9,662.09,0.325,,,,,,,
156,Bend,152.1,151.1,152.6,152.4,4760.9,662.09,0.55,,,,,,,
157,Bend,223.2,223.9,225.7,224.4,4760.9,662.09,0.5,,,,,,,
158,Valve,219.8,219.7,220.3,220.2,4750.4,660.63,0.325,,,,,,,
159,Pump,151.1,223.2,152.3,225.7,4750.4,660.63,0,,,,,,,
160,Check Valve,221.8,221.6,222.3,222.1,4750.4,660.63,0.325,,,,,,,
161,Valve,149.7,149.5,150.2,150,4750.4,660.63,0.325,,,,,,,
162,Bend,152.1,151.1,152.6,152.3,4750.4,660.63,0.55,,,,,,,
163,Bend,223.2,224,225.7,224.5,4750.4,660.63,0.5,,,,,,,
164,Valve,220,219.8,220.5,220.3,4719.7,656.36,0.325,,,,,,,
165,Pump,150.9,223.4,152.2,225.8,4719.7,656.36,0,,,,,,,
166,Check Valve,221.9,221.7,222.4,222.2,4719.7,656.36,0.325,,,,,,,
167,Valve,149.5,149.4,150,149.9,4719.7,656.36,0.325,,,,,,,
168,Bend,152,150.9,152.4,152.2,4719.7,656.36,0.55,,,,,,,
169,Bend,223.4,224.1,225.8,224.6,4719.7,656.36,0.5,,,,,,,
170,Valve,220,219.9,220.5,220.4,4711.8,655.27,0.325,,,,,,,
171,Pump,150.9,223.4,152.1,225.9,4711.8,655.27,0,,,,,,,
172,Check Valve,221.9,221.8,222.4,222.3,4711.8,655.27,0.325,,,,,,,
173,Valve,149.5,149.4,150,149.8,4711.8,655.27,0.325,,,,,,,
174,Bend,151.9,150.9,152.4,152.1,4711.8,655.27,0.55,,,,,,,
175,Bend,223.4,224.1,225.9,224.6,4711.8,655.27,0.5,,,,,,,
X176,Valve,No Solution,220.3,No Solution,220.3,0,0,0,,,,,,,
177,Pump,No Solution,No Solution,No Solution,No Solution,0,0,0,,,,,,,
178,Check Valve,No Solution,No Solution,No Solution,No Solution,0,0,0,,,,,,,
X179,Valve,150.1,No Solution,150.1,No Solution,0,0,0,,,,,,,
180,Bend,No Solution,No Solution,No Solution,No Solution,0,0,0,,,,,,,
181,Bend,No Solution,No Solution,No Solution,No Solution,0,0,0,,,,,,,
182,Bend,144.3,143.9,145.2,144.8,23705.8,3296.73,0.48,,,,,,,
186,Valve,No Solution,No Solution,No Solution,No Solution,0,0,0,,,,,,,
X187,Valve,157.9,No Solution,157.9,No Solution,0,0,0,,,,,,,
188,Tee or Wye,155.4,155.4,155.8,155.8,N/A,N/A,0,,,,,,,
189,Bend,223.1,222.8,223.2,223.1,2390,332.37,0.50248,,,,,,,
190,Tee or Wye,155,155,155.7,155.7,N/A,N/A,0,,,,,,,
192,Valve,157.4,157.2,157.8,157.7,4468.3,621.39,0.325,,,,,,,
193,Tee or Wye,148.5,148.5,149.2,149.2,N/A,N/A,0,,,,,,,
194,Valve,159.4,159.2,159.8,159.7,4468.3,621.39,0.325,,,,,,,
195,Screen,162.2,161.4,162.6,161.9,4468.3,621.39,1.77,,,,,,,
196,Valve,151.8,150.9,152.2,151.3,4468.3,621.39,1.95,,,,,,,
197,Tee or Wye,155.2,155.2,155.6,155.6,N/A,N/A,0,,,,,,,
199,Valve,157.3,157.2,157.7,157.6,4424.6,615.32,0.325,,,,,,,
200,Tee or Wye,148.8,148.8,149.2,149.2,N/A,N/A,0,,,,,,,
201,Valve,159.3,159.2,159.7,159.6,4424.6,615.32,0.325,,,,,,,
202,Screen,162.2,161.4,162.6,161.8,4424.6,615.32,1.77,,,,,,,
203,Valve,151.8,151,152.3,151.4,4424.6,615.32,1.95,,,,,,,
204,Tee or Wye,154.9,154.9,155.4,155.4,N/A,N/A,0,,,,,,,
206,Valve,157.3,157.3,157.5,157.5,4808,668.64,0.3,,,,,,,
207,Tee or Wye,149.1,149.1,149.5,149.5,N/A,N/A,0,,,,,,,
208,Valve,159.4,159.4,159.6,159.6,4808,668.64,0.3,,,,,,,
209,Screen,162.4,162,162.6,162.2,4808,668.64,1.71,,,,,,,
210,Valve,151.8,151.5,152.1,151.7,4808,668.64,1.8,,,,,,,
211,Tee or Wye,155,155,155.2,155.2,N/A,N/A,0,,,,,,,
213,Valve,157.2,157.1,157.4,157.3,4653.3,647.12,0.3,,,,,,,
214,Tee or Wye,149.5,149.5,149.7,149.7,N/A,N/A,0,,,,,,,
215,Valve,159.3,159.2,159.5,159.4,4653.3,647.12,0.3,,,,,,,
216,Screen,162.2,161.9,162.4,162.1,4653.3,647.12,1.71,,,,,,,
217,Valve,152,151.7,152.2,151.9,4653.3,647.12,1.8,,,,,,,
218,Tee or Wye,155,155,155.1,155.1,N/A,N/A,0,,,,,,,
220,Valve,157,157,157.3,157.2,5356.9,744.98,0.3,,,,,,,
221,Tee or Wye,149.7,149.7,149.8,149.8,N/A,N/A,0,,,,,,,
222,Valve,159.1,159,159.4,159.3,5356.9,744.98,0.3,,,,,,,
223,Screen,162,161.6,162.3,161.9,5356.9,744.98,1.71,,,,,,,
224,Valve,152.2,151.7,152.4,152,5356.9,744.98,1.8,,,,,,,
225,Dead End,227.1,227.1,227.1,227.1,0,0,0,,,,,,,
226,Tee or Wye,174.8,174.8,175.5,175.5,N/A,N/A,0,,,,,,,
227,Tee or Wye,175.3,175.3,175.5,175.5,N/A,N/A,0,,,,,,,
228,Tee or Wye,177.7,177.7,177.9,177.9,N/A,N/A,0,,,,,,,
229,Bend,178.4,178.3,178.6,178.5,468.3,65.13,0.5987,,,,,,,
230,Bend,178.1,178,178.3,178.2,6272.3,872.28,0.48,,,,,,,
231,Tee or Wye,178,178,178.2,178.2,N/A,N/A,0,,,,,,,
232,Valve,175.1,175,175.5,175.4,9077.3,1262.36,0.3,,,,,,,
233,Valve,178,178,178.1,178.1,3847.3,535.04,0.3,,,,,,,
234,Tee or Wye,178,178,178.1,178.1,N/A,N/A,0,,,,,,,
235,Bend,180.6,180.5,180.9,180.7,2092.3,290.97,0.52124,,,,,,,
236,Tee or Wye,176.4,176.4,176.9,176.9,N/A,N/A,0,,,,,,,
237,Bend,175.6,175.3,176.1,175.9,11302.2,1571.78,0.48,,,,,,,
238,Tee or Wye,177.3,177.3,177.6,177.6,N/A,N/A,0,,,,,,,
239,Valve,180.7,180.6,181.2,181.1,10497.5,1459.87,0.3,,,,,,,
240,Tee or Wye,181.5,181.5,181.9,181.9,N/A,N/A,0,,,,,,,
241,Bend,181,181,181.1,181,2390,332.37,0.50248,,,,,,,
242,Dead End,176.9,176.9,176.9,176.9,0,0,0,,,,,,,
243,Tee or Wye,183.6,183.6,184,184,N/A,N/A,0,,,,,,,
244,Bend,184.1,184.1,184.1,184.1,1395,194,0.50248,,,,,,,
245,Bend,185,184.7,185.7,185.4,6712.5,933.5,0.50248,,,,,,,
246,Tee or Wye,185.9,185.9,186.2,186.2,N/A,N/A,0,,,,,,,
247,Valve,186.2,186.2,186.2,186.2,207.5,28.86,0.67354,,,,,,,
248,Bend,186.3,186.3,186.4,186.3,207.5,28.86,0.5987,,,,,,,
249,Bend,186.5,186.5,186.5,186.5,207.5,28.86,0.5987,,,,,,,
250,Valve,186.7,186.7,186.7,186.7,207.5,28.86,0.67354,,,,,,,
251,Tee or Wye,176.7,176.7,176.9,176.9,N/A,N/A,0,,,,,,,
252,Tee or Wye,185.4,185.4,186.4,186.4,N/A,N/A,0,,,,,,,
253,Dead End,186.4,186.4,186.4,186.4,0,0,0,,,,,,,
254,Tee or Wye,181.4,181.4,181.5,181.5,N/A,N/A,0,,,,,,,
255,Bend,180.6,180.6,180.6,180.6,640,89,0.52124,,,,,,,
256,Tee or Wye,182,182,182,182,N/A,N/A,0,,,,,,,
257,Valve,181.9,181.9,182.1,182,1452.3,201.97,0.45608,,,,,,,
258,Bend,182.1,182.1,182.2,182.2,1452.3,201.97,0.52124,,,,,,,
259,Bend,182.3,182.2,182.4,182.4,1452.3,201.97,0.52124,,,,,,,
260,Bend,182.7,182.7,182.9,182.8,1452.3,201.97,0.52124,,,,,,,
261,Bend,179.7,179.6,180,179.9,2092.3,290.97,0.52124,,,,,,,
262,Valve,180.5,180.6,180.9,180.6,640,89,0.67354,,,,,,,
263,Valve,171.2,171,172.1,171.8,23439.5,3259.69,0.3,,,,,,,
264,Valve,178.1,177.9,178.4,178.3,2425,337.24,0.45608,,,,,,,
265,Valve,181.8,181.7,182.1,182,2390,332.37,0.17,,,,,,,
266,Area Change,176.3,176.4,176.5,176.5,2092.3,290.97,0.0847,,,,,,,
267,Bend,181,181.1,181.3,181.2,2390,332.37,0.52124,,,,,,,
268,Dead End,182,182,182,182,0,0,0,,,,,,,
269,Valve,155.1,155.1,155.1,155.1,0,0,0,,,,,,,
270,Dead End,154.7,154.7,154.7,154.7,0,0,0,,,,,,,
271,Valve,149.8,149.8,149.8,149.8,0,0,0,,,,,,,
272,Dead End,149.8,149.8,149.8,149.8,0,0,0,,,,,,,
273,Valve,155.1,154.9,155.2,155.1,5356.9,744.98,0.3,,,,,,,
274,Valve,149.5,149.6,149.8,149.7,5356.9,744.98,0.3,,,,,,,
275,Valve,155,154.8,155.3,155.2,10008,1391.8,0.3,,,,,,,
276,Valve,155.2,154.6,155.6,155.5,14815.7,2060.4,0.3,,,,,,,
277,Valve,149.3,149.2,149.7,149.5,10008,1391.8,0.3,,,,,,,
279,Valve,148.7,148.9,149.5,149.2,14813.8,2060.13,0.3,,,,,,,
302,Bend,155.4,154.9,156.2,155.8,23712.5,3297.66,0.48,,,,,,,
303,Bend,156,155.6,156.9,156.5,23712.5,3297.66,0.48,,,,,,,
304,Tee or Wye,156.6,156.6,157,157,N/A,N/A,0,,,,,,,
X305,Valve,No Solution,157,No Solution,157,0,0,0,,,,,,,
X306,Valve,215.7,No Solution,215.7,No Solution,0,0,0,,,,,,,
307,Tee or Wye,156.1,156.1,157,157,N/A,N/A,0,,,,,,,
308,Valve,158.2,157.5,159.2,158.4,273,37.97,0.80694,,,,,,,
309,Valve,213.3,212.6,214.3,213.5,273,37.97,0.80694,,,,,,,
312,Valve,156.6,156.3,157.4,157.2,23439.5,3259.69,0.3,,,,,,,
329,Control Valve,No Solution,No Solution,No Solution,No Solution,0,0,0,,,,,,,
330,Control Valve,161.4,161.4,161.9,161.9,4468.3,621.39,0,,,,,,,
331,Control Valve,161.4,161.4,161.8,161.8,4424.6,615.32,0,,,,,,,
332,Control Valve,162,162,162.2,162.2,4808,668.64,0,,,,,,,
333,Control Valve,161.9,161.9,162.1,162.1,4653.3,647.12,0,,,,,,,
334,Control Valve,161.6,161.6,161.9,161.9,5356.9,744.98,0,,,,,,,
412,Control Valve,147.4,144.4,148.2,145.2,23705.8,3296.73,3.47635,,,,,,,
414,Assigned Pressure,N/A,N/A,144.7,144.7,N/A,N/A,0,,,,,,,
415,General Component,No Solution,No Solution,No Solution,No Solution,0,0,0,,,,,,,
416,General Component,161.4,157,161.9,157.5,4468.3,621.39,9.88942,,,,,,,
417,General Component,161.4,157.1,161.8,157.5,4424.6,615.32,9.88942,,,,,,,
418,General Component,162,157.1,162.2,157.3,4808,668.64,23.88464,,,,,,,
419,General Component,161.9,157.2,162.1,157.4,4653.3,647.12,23.88464,,,,,,,
420,General Component,161.6,157.4,161.9,157.7,5356.9,744.98,16.33131,,,,,,,
421,Pump,226.5,179.6,226.7,179.8,468.3,65.13,0,,,,,,,
422,Pump,227,176.7,227.3,177,2865,398.43,0,,,,,,,
423,Pump,223.8,178.1,223.9,178.2,804.7,111.91,0,,,,,,,
424,Pump,222.9,181.8,223.2,182.1,2390,332.37,0,,,,,,,
425,Pump,221.5,184.1,221.5,184.1,1395,194,0,,,,,,,
426,Pump,208.1,188.1,212.8,192.8,6505,904.64,0,,,,,,,
427,Pump,225.5,178.1,225.9,178.5,2425,337.24,0,,,,,,,
428,Pump,225.5,178.2,225.6,178.3,1755,244.06,0,,,,,,,
429,Pump,222.7,180.7,223.1,181.1,640,89,0,,,,,,,
430,Pump,226.1,182.8,226.2,182.9,1452.3,201.97,0,,,,,,,
431,Tee or Wye,226.8,226.8,226.9,226.9,N/A,N/A,0,,,,,,,
432,Tee or Wye,177.7,177.7,177.8,177.8,N/A,N/A,0,,,,,,,
433,Pump,226.8,177.8,226.9,177.9,336.7,46.82,0,,,,,,,
434,Pump,218.8,186.7,218.9,186.8,207.5,28.86,0,,,,,,,
435,Branch,224.8,224.9,224.9,224.9,2000,278.14,0,,,,,,,
436,Branch,175.5,175.4,175.5,175.5,2000,278.14,0,,,,,,,
437,Pump,226.9,177.8,227,177.8,2000,278.14,0,,,,,,,
438,Tee or Wye,217.8,217.8,218,218,N/A,N/A,0,,,,,,,
439,Tee or Wye,169.2,169.2,169.4,169.4,N/A,N/A,0,,,,,,,
440,Pump,218,169.4,218,169.4,195,27.12,0,,,,,,,
441,Pump,211.1,159.7,212.1,160.6,273,37.97,0,,,,,,,
,,,,,,,,,,,,,,,
,,,,,,,,,,,,,,,
,,,,,,,,,,,,,,,
,,,,,,,,,,,,,,,
Area Change Table,,,,,,,,,,,,,,,
,,,,,,,,,,,,,,,
Area Change,Name,P Static In  (psia),P Static Out (psia),P Stag. In  (psia),P Stag. Out  (psia),Vol. Flow Rate Thru Jct (gal/min),Mass Flow Rate Thru Jct (lbm/sec),Loss Factor (K),,,,,,,
45,Area Change,223.9,223.7,224,223.9,2092.3,290.97,0.20833,,,,,,,
266,Area Change,176.3,176.4,176.5,176.5,2092.3,290.97,0.0847,,,,,,,
,,,,,,,,,,,,,,,
,,,,,,,,,,,,,,,
,,,,,,,,,,,,,,,
,,,,,,,,,,,,,,,
Assigned Pressure Table,,,,,,,,,,,,,,,
,,,,,,,,,,,,,,,
Assigned Pressure,Name,P Static In  (psia),P Static Out (psia),P Stag. In  (psia),P Stag. Out  (psia),Vol. Flow Rate Thru Jct (gal/min),Mass Flow Rate Thru Jct (lbm/sec),Loss Factor (K),,,,,,,
414,Assigned Pressure,N/A,N/A,144.7,144.7,N/A,N/A,0,,,,,,,
,,,,,,,,,,,,,,,
,,,,,,,,,,,,,,,
,,,,,,,,,,,,,,,
,,,,,,,,,,,,,,,
Bend Table,,,,,,,,,,,,,,,
,,,,,,,,,,,,,,,
Bend,Name,P Static In  (psia),P Static Out (psia),P Stag. In  (psia),P Stag. Out  (psia),Vol. Flow Rate Thru Jct (gal/min),Mass Flow Rate Thru Jct (lbm/sec),Loss Factor (K),,,,,,,
5,Bend,226.1,226,226.3,226.2,468.3,65.13,0.5987,,,,,,,
6,Bend,226.4,226.3,226.6,226.5,6272.3,872.28,0.48,,,,,,,
11,Bend,226.4,226.3,226.6,226.5,2092.3,290.97,0.52124,,,,,,,
13,Bend,223.1,222.9,223.7,223.4,11302.2,1571.78,0.48,,,,,,,
17,Bend,223.2,223.2,223.3,223.3,2390,332.37,0.50248,,,,,,,
20,Bend,221.5,221.5,221.5,221.5,1395,194,0.50248,,,,,,,
21,Bend,219.7,219.3,220.3,220,6712.5,933.5,0.50248,,,,,,,
24,Bend,219.3,219.3,219.3,219.3,207.5,28.86,0.5987,,,,,,,
25,Bend,219.1,219.1,219.1,219.1,207.5,28.86,0.5987,,,,,,,
31,Bend,225.9,225.9,225.9,225.9,640,89,0.52124,,,,,,,
34,Bend,226.8,226.7,226.9,226.9,1452.3,201.97,0.52124,,,,,,,
35,Bend,226.6,226.6,226.7,226.7,1452.3,201.97,0.52124,,,,,,,
36,Bend,226.2,226.1,226.3,226.3,1452.3,201.97,0.52124,,,,,,,
37,Bend,226.4,226.3,226.6,226.5,2092.3,290.97,0.52124,,,,,,,
123,Bend,148.2,147.7,149,148.6,23705.8,3296.73,0.48,,,,,,,
150,Bend,152.2,151.1,152.7,152.4,4766.3,662.84,0.55,,,,,,,
151,Bend,223.1,223.9,225.7,224.4,4766.3,662.84,0.5,,,,,,,
156,Bend,152.1,151.1,152.6,152.4,4760.9,662.09,0.55,,,,,,,
157,Bend,223.2,223.9,225.7,224.4,4760.9,662.09,0.5,,,,,,,
162,Bend,152.1,151.1,152.6,152.3,4750.4,660.63,0.55,,,,,,,
163,Bend,223.2,224,225.7,224.5,4750.4,660.63,0.5,,,,,,,
168,Bend,152,150.9,152.4,152.2,4719.7,656.36,0.55,,,,,,,
169,Bend,223.4,224.1,225.8,224.6,4719.7,656.36,0.5,,,,,,,
174,Bend,151.9,150.9,152.4,152.1,4711.8,655.27,0.55,,,,,,,
175,Bend,223.4,224.1,225.9,224.6,4711.8,655.27,0.5,,,,,,,
180,Bend,No Solution,No Solution,No Solution,No Solution,0,0,0,,,,,,,
181,Bend,No Solution,No Solution,No Solution,No Solution,0,0,0,,,,,,,
182,Bend,144.3,143.9,145.2,144.8,23705.8,3296.73,0.48,,,,,,,
189,Bend,223.1,222.8,223.2,223.1,2390,332.37,0.50248,,,,,,,
229,Bend,178.4,178.3,178.6,178.5,468.3,65.13,0.5987,,,,,,,
230,Bend,178.1,178,178.3,178.2,6272.3,872.28,0.48,,,,,,,
235,Bend,180.6,180.5,180.9,180.7,2092.3,290.97,0.52124,,,,,,,
237,Bend,175.6,175.3,176.1,175.9,11302.2,1571.78,0.48,,,,,,,
241,Bend,181,181,181.1,181,2390,332.37,0.50248,,,,,,,
244,Bend,184.1,184.1,184.1,184.1,1395,194,0.50248,,,,,,,
245,Bend,185,184.7,185.7,185.4,6712.5,933.5,0.50248,,,,,,,
248,Bend,186.3,186.3,186.4,186.3,207.5,28.86,0.5987,,,,,,,
249,Bend,186.5,186.5,186.5,186.5,207.5,28.86,0.5987,,,,,,,
255,Bend,180.6,180.6,180.6,180.6,640,89,0.52124,,,,,,,
258,Bend,182.1,182.1,182.2,182.2,1452.3,201.97,0.52124,,,,,,,
259,Bend,182.3,182.2,182.4,182.4,1452.3,201.97,0.52124,,,,,,,
260,Bend,182.7,182.7,182.9,182.8,1452.3,201.97,0.52124,,,,,,,
261,Bend,179.7,179.6,180,179.9,2092.3,290.97,0.52124,,,,,,,
267,Bend,181,181.1,181.3,181.2,2390,332.37,0.52124,,,,,,,
302,Bend,155.4,154.9,156.2,155.8,23712.5,3297.66,0.48,,,,,,,
303,Bend,156,155.6,156.9,156.5,23712.5,3297.66,0.48,,,,,,,
,,,,,,,,,,,,,,,
,,,,,,,,,,,,,,,
,,,,,,,,,,,,,,,
,,,,,,,,,,,,,,,
Branch Table,,,,,,,,,,,,,,,
,,,,,,,,,,,,,,,
Branch,Name,P Static In  (psia),P Static Out (psia),P Stag. In  (psia),P Stag. Out  (psia),Vol. Flow Rate Thru Jct (gal/min),Mass Flow Rate Thru Jct (lbm/sec),Loss Factor (K),,,,,,,
435,Branch,224.8,224.9,224.9,224.9,2000,278.14,0,,,,,,,
436,Branch,175.5,175.4,175.5,175.5,2000,278.14,0,,,,,,,
,,,,,,,,,,,,,,,
,,,,,,,,,,,,,,,
,,,,,,,,,,,,,,,
,,,,,,,,,,,,,,,
Check Valve Table,,,,,,,,,,,,,,,
,,,,,,,,,,,,,,,
Check Valve,Name,P Static In  (psia),P Static Out (psia),P Stag. In  (psia),P Stag. Out  (psia),Vol. Flow Rate Thru Jct (gal/min),Mass Flow Rate Thru Jct (lbm/sec),Loss Factor (K),,,,,,,
52,Valve,221.7,221.5,222.2,222,4766.3,662.84,0.325,,,,,,,
154,Check Valve,221.7,221.6,222.2,222.1,4760.9,662.09,0.325,,,,,,,
160,Check Valve,221.8,221.6,222.3,222.1,4750.4,660.63,0.325,,,,,,,
166,Check Valve,221.9,221.7,222.4,222.2,4719.7,656.36,0.325,,,,,,,
172,Check Valve,221.9,221.8,222.4,222.3,4711.8,655.27,0.325,,,,,,,
178,Check Valve,No Solution,No Solution,No Solution,No Solution,0,0,0,,,,,,,
,,,,,,,,,,,,,,,
,,,,,,,,,,,,,,,
,,,,,,,,,,,,,,,
,,,,,,,,,,,,,,,
Control Valve Table,,,,,,,,,,,,,,,
,,,,,,,,,,,,,,,
Control Valve,Name,P Static In  (psia),P Static Out (psia),P Stag. In  (psia),P Stag. Out  (psia),Vol. Flow Rate Thru Jct (gal/min),Mass Flow Rate Thru Jct (lbm/sec),Loss Factor (K),,,,,,,
329,Control Valve,No Solution,No Solution,No Solution,No Solution,0,0,0,,,,,,,
330,Control Valve,161.4,161.4,161.9,161.9,4468.3,621.39,0,,,,,,,
331,Control Valve,161.4,161.4,161.8,161.8,4424.6,615.32,0,,,,,,,
332,Control Valve,162,162,162.2,162.2,4808,668.64,0,,,,,,,
333,Control Valve,161.9,161.9,162.1,162.1,4653.3,647.12,0,,,,,,,
334,Control Valve,161.6,161.6,161.9,161.9,5356.9,744.98,0,,,,,,,
412,Control Valve,147.4,144.4,148.2,145.2,23705.8,3296.73,3.47635,,,,,,,
,,,,,,,,,,,,,,,
,,,,,,,,,,,,,,,
,,,,,,,,,,,,,,,
,,,,,,,,,,,,,,,
Dead End Table,,,,,,,,,,,,,,,
,,,,,,,,,,,,,,,
Dead End,Name,P Static In  (psia),P Static Out (psia),P Stag. In  (psia),P Stag. Out  (psia),Vol. Flow Rate Thru Jct (gal/min),Mass Flow Rate Thru Jct (lbm/sec),Loss Factor (K),,,,,,,
29,Dead End,219.2,219.2,219.2,219.2,0,0,0,,,,,,,
42,Dead End,228.3,228.3,228.3,228.3,0,0,0,,,,,,,
109,Dead End,216,216,216,216,0,0,0,,,,,,,
111,Dead End,144.4,144.4,144.4,144.4,0,0,0,,,,,,,
225,Dead End,227.1,227.1,227.1,227.1,0,0,0,,,,,,,
242,Dead End,176.9,176.9,176.9,176.9,0,0,0,,,,,,,
253,Dead End,186.4,186.4,186.4,186.4,0,0,0,,,,,,,
268,Dead End,182,182,182,182,0,0,0,,,,,,,
270,Dead End,154.7,154.7,154.7,154.7,0,0,0,,,,,,,
272,Dead End,149.8,149.8,149.8,149.8,0,0,0,,,,,,,
,,,,,,,,,,,,,,,
,,,,,,,,,,,,,,,
,,,,,,,,,,,,,,,
,,,,,,,,,,,,,,,
General Component Table,,,,,,,,,,,,,,,
,,,,,,,,,,,,,,,
General Component,Name,P Static In  (psia),P Static Out (psia),P Stag. In  (psia),P Stag. Out  (psia),Vol. Flow Rate Thru Jct (gal/min),Mass Flow Rate Thru Jct (lbm/sec),Loss Factor (K),,,,,,,
415,General Component,No Solution,No Solution,No Solution,No Solution,0,0,0,,,,,,,
416,General Component,161.4,157,161.9,157.5,4468.3,621.39,9.88942,,,,,,,
417,General Component,161.4,157.1,161.8,157.5,4424.6,615.32,9.88942,,,,,,,
418,General Component,162,157.1,162.2,157.3,4808,668.64,23.88464,,,,,,,
419,General Component,161.9,157.2,162.1,157.4,4653.3,647.12,23.88464,,,,,,,
420,General Component,161.6,157.4,161.9,157.7,5356.9,744.98,16.33131,,,,,,,
,,,,,,,,,,,,,,,
,,,,,,,,,,,,,,,
,,,,,,,,,,,,,,,
,,,,,,,,,,,,,,,
Pump Table,,,,,,,,,,,,,,,
,,,,,,,,,,,,,,,
Pump,Name,P Static In  (psia),P Static Out (psia),P Stag. In  (psia),P Stag. Out  (psia),Vol. Flow Rate Thru Jct (gal/min),Mass Flow Rate Thru Jct (lbm/sec),Loss Factor (K),,,,,,,
54,Pump,151.1,223.1,152.4,225.7,4766.3,662.84,0,,,,,,,
153,Pump,151.1,223.2,152.4,225.7,4760.9,662.09,0,,,,,,,
159,Pump,151.1,223.2,152.3,225.7,4750.4,660.63,0,,,,,,,
165,Pump,150.9,223.4,152.2,225.8,4719.7,656.36,0,,,,,,,
171,Pump,150.9,223.4,152.1,225.9,4711.8,655.27,0,,,,,,,
177,Pump,No Solution,No Solution,No Solution,No Solution,0,0,0,,,,,,,
421,Pump,226.5,179.6,226.7,179.8,468.3,65.13,0,,,,,,,
422,Pump,227,176.7,227.3,177,2865,398.43,0,,,,,,,
423,Pump,223.8,178.1,223.9,178.2,804.7,111.91,0,,,,,,,
424,Pump,222.9,181.8,223.2,182.1,2390,332.37,0,,,,,,,
425,Pump,221.5,184.1,221.5,184.1,1395,194,0,,,,,,,
426,Pump,208.1,188.1,212.8,192.8,6505,904.64,0,,,,,,,
427,Pump,225.5,178.1,225.9,178.5,2425,337.24,0,,,,,,,
428,Pump,225.5,178.2,225.6,178.3,1755,244.06,0,,,,,,,
429,Pump,222.7,180.7,223.1,181.1,640,89,0,,,,,,,
430,Pump,226.1,182.8,226.2,182.9,1452.3,201.97,0,,,,,,,
433,Pump,226.8,177.8,226.9,177.9,336.7,46.82,0,,,,,,,
434,Pump,218.8,186.7,218.9,186.8,207.5,28.86,0,,,,,,,
437,Pump,226.9,177.8,227,177.8,2000,278.14,0,,,,,,,
440,Pump,218,169.4,218,169.4,195,27.12,0,,,,,,,
441,Pump,211.1,159.7,212.1,160.6,273,37.97,0,,,,,,,
,,,,,,,,,,,,,,,
,,,,,,,,,,,,,,,
,,,,,,,,,,,,,,,
,,,,,,,,,,,,,,,
Screen Table,,,,,,,,,,,,,,,
,,,,,,,,,,,,,,,
Screen,Name,P Static In  (psia),P Static Out (psia),P Stag. In  (psia),P Stag. Out  (psia),Vol. Flow Rate Thru Jct (gal/min),Mass Flow Rate Thru Jct (lbm/sec),Loss Factor (K),,,,,,,
142,Screen,No Solution,No Solution,No Solution,No Solution,0,0,0,,,,,,,
195,Screen,162.2,161.4,162.6,161.9,4468.3,621.39,1.77,,,,,,,
202,Screen,162.2,161.4,162.6,161.8,4424.6,615.32,1.77,,,,,,,
209,Screen,162.4,162,162.6,162.2,4808,668.64,1.71,,,,,,,
216,Screen,162.2,161.9,162.4,162.1,4653.3,647.12,1.71,,,,,,,
223,Screen,162,161.6,162.3,161.9,5356.9,744.98,1.71,,,,,,,
,,,,,,,,,,,,,,,
,,,,,,,,,,,,,,,
,,,,,,,,,,,,,,,
,,,,,,,,,,,,,,,
Tee or Wye Table,,,,,,,,,,,,,,,
,,,,,,,,,,,,,,,
Tee or Wye,Name,P Static In  (psia),P Static Out (psia),P Stag. In  (psia),P Stag. Out  (psia),Vol. Flow Rate Thru Jct (gal/min),Mass Flow Rate Thru Jct (lbm/sec),Loss Factor (K),,,,,,,
1,Tee or Wye,226.4,226.4,227.1,227.1,N/A,N/A,0,,,,,,,
3,Tee or Wye,224.7,224.7,225,225,N/A,N/A,0,,,,,,,
4,Tee or Wye,226.7,226.7,226.8,226.8,N/A,N/A,0,,,,,,,
7,Tee or Wye,226,226,226.2,226.2,N/A,N/A,0,,,,,,,
10,Tee or Wye,225.7,225.7,225.8,225.8,N/A,N/A,0,,,,,,,
12,Tee or Wye,226.8,226.8,227.4,227.4,N/A,N/A,0,,,,,,,
14,Tee or Wye,224.1,224.1,224.5,224.5,N/A,N/A,0,,,,,,,
16,Tee or Wye,224.2,224.2,224.6,224.6,N/A,N/A,0,,,,,,,
19,Tee or Wye,221.2,221.2,221.6,221.6,N/A,N/A,0,,,,,,,
22,Tee or Wye,219.2,219.2,219.5,219.5,N/A,N/A,0,,,,,,,
28,Tee or Wye,218.3,218.3,219.2,219.2,N/A,N/A,0,,,,,,,
30,Tee or Wye,226.7,226.7,226.8,226.8,N/A,N/A,0,,,,,,,
32,Tee or Wye,227.1,227.1,227.1,227.1,N/A,N/A,0,,,,,,,
41,Tee or Wye,228.1,228.1,228.3,228.3,N/A,N/A,0,,,,,,,
48,Tee or Wye,214.8,214.8,215.7,215.7,N/A,N/A,0,,,,,,,
49,Tee or Wye,215.3,215.3,215.7,215.7,N/A,N/A,0,,,,,,,
50,Tee or Wye,215.1,215.1,215.7,215.7,N/A,N/A,0,,,,,,,
101,Tee or Wye,215.1,215.1,215.7,215.7,N/A,N/A,0,,,,,,,
102,Tee or Wye,215.3,215.3,215.8,215.8,N/A,N/A,0,,,,,,,
103,Tee or Wye,215.6,215.6,215.9,215.9,N/A,N/A,0,,,,,,,
104,Tee or Wye,215.9,215.9,216,216,N/A,N/A,0,,,,,,,
105,Tee or Wye,216,216,216,216,N/A,N/A,0,,,,,,,
110,Tee or Wye,144.4,144.4,144.4,144.4,N/A,N/A,0,,,,,,,
113,Tee or Wye,144.3,144.3,144.4,144.4,N/A,N/A,0,,,,,,,
114,Tee or Wye,144.2,144.2,144.5,144.5,N/A,N/A,0,,,,,,,
116,Tee or Wye,144.1,144.1,144.6,144.6,N/A,N/A,0,,,,,,,
118,Tee or Wye,144,144,144.7,144.7,N/A,N/A,0,,,,,,,
119,Tee or Wye,144.1,144.1,144.7,144.7,N/A,N/A,0,,,,,,,
124,Tee or Wye,148.7,148.7,149.1,149.1,N/A,N/A,0,,,,,,,
188,Tee or Wye,155.4,155.4,155.8,155.8,N/A,N/A,0,,,,,,,
190,Tee or Wye,155,155,155.7,155.7,N/A,N/A,0,,,,,,,
193,Tee or Wye,148.5,148.5,149.2,149.2,N/A,N/A,0,,,,,,,
197,Tee or Wye,155.2,155.2,155.6,155.6,N/A,N/A,0,,,,,,,
200,Tee or Wye,148.8,148.8,149.2,149.2,N/A,N/A,0,,,,,,,
204,Tee or Wye,154.9,154.9,155.4,155.4,N/A,N/A,0,,,,,,,
207,Tee or Wye,149.1,149.1,149.5,149.5,N/A,N/A,0,,,,,,,
211,Tee or Wye,155,155,155.2,155.2,N/A,N/A,0,,,,,,,
214,Tee or Wye,149.5,149.5,149.7,149.7,N/A,N/A,0,,,,,,,
218,Tee or Wye,155,155,155.1,155.1,N/A,N/A,0,,,,,,,
221,Tee or Wye,149.7,149.7,149.8,149.8,N/A,N/A,0,,,,,,,
226,Tee or Wye,174.8,174.8,175.5,175.5,N/A,N/A,0,,,,,,,
227,Tee or Wye,175.3,175.3,175.5,175.5,N/A,N/A,0,,,,,,,
228,Tee or Wye,177.7,177.7,177.9,177.9,N/A,N/A,0,,,,,,,
231,Tee or Wye,178,178,178.2,178.2,N/A,N/A,0,,,,,,,
234,Tee or Wye,178,178,178.1,178.1,N/A,N/A,0,,,,,,,
236,Tee or Wye,176.4,176.4,176.9,176.9,N/A,N/A,0,,,,,,,
238,Tee or Wye,177.3,177.3,177.6,177.6,N/A,N/A,0,,,,,,,
240,Tee or Wye,181.5,181.5,181.9,181.9,N/A,N/A,0,,,,,,,
243,Tee or Wye,183.6,183.6,184,184,N/A,N/A,0,,,,,,,
246,Tee or Wye,185.9,185.9,186.2,186.2,N/A,N/A,0,,,,,,,
251,Tee or Wye,176.7,176.7,176.9,176.9,N/A,N/A,0,,,,,,,
252,Tee or Wye,185.4,185.4,186.4,186.4,N/A,N/A,0,,,,,,,
254,Tee or Wye,181.4,181.4,181.5,181.5,N/A,N/A,0,,,,,,,
256,Tee or Wye,182,182,182,182,N/A,N/A,0,,,,,,,
304,Tee or Wye,156.6,156.6,157,157,N/A,N/A,0,,,,,,,
307,Tee or Wye,156.1,156.1,157,157,N/A,N/A,0,,,,,,,
431,Tee or Wye,226.8,226.8,226.9,226.9,N/A,N/A,0,,,,,,,
432,Tee or Wye,177.7,177.7,177.8,177.8,N/A,N/A,0,,,,,,,
438,Tee or Wye,217.8,217.8,218,218,N/A,N/A,0,,,,,,,
439,Tee or Wye,169.2,169.2,169.4,169.4,N/A,N/A,0,,,,,,,
,,,,,,,,,,,,,,,
,,,,,,,,,,,,,,,
,,,,,,,,,,,,,,,
,,,,,,,,,,,,,,,
Valve Table,,,,,,,,,,,,,,,
,,,,,,,,,,,,,,,
Valve,Name,P Static In  (psia),P Static Out (psia),P Stag. In  (psia),P Stag. Out  (psia),Vol. Flow Rate Thru Jct (gal/min),Mass Flow Rate Thru Jct (lbm/sec),Loss Factor (K),,,,,,,
8,Valve,224.7,224.6,225.1,225,9077.3,1262.36,0.3,,,,,,,
9,Valve,225.7,225.7,225.8,225.8,3847.3,535.04,0.3,,,,,,,
15,Valve,223.7,223.5,224.1,224,10497.5,1459.87,0.3,,,,,,,
23,Valve,219.5,219.4,219.5,219.5,207.5,28.86,0.31405,,,,,,,
26,Valve,218.9,218.9,218.9,218.9,207.5,28.86,0.67354,,,,,,,
33,Valve,227,226.9,227.1,227,1452.3,201.97,0.45608,,,,,,,
38,Valve,225.8,225.5,225.9,225.9,640,89,0.45608,,,,,,,
39,Valve,226,225.8,226.9,226.6,23439.5,3259.69,0.3,,,,,,,
40,Valve,225.7,225.6,226.1,225.9,2425,337.24,0.45608,,,,,,,
44,Valve,223,222.9,223.3,223.2,2390,332.37,0.17,,,,,,,
46,Valve,214.7,214.4,215.5,215.3,23439.5,3259.69,0.3,,,,,,,
51,Valve,219.8,219.6,220.3,220.1,4766.3,662.84,0.325,,,,,,,
106,Valve,215.5,215.4,215.9,215.8,9430.1,1311.43,0.3,,,,,,,
107,Valve,215.9,215.8,216,215.9,4711.8,655.27,0.3,,,,,,,
108,Valve,216,216,216,216,0,0,0,,,,,,,
112,Valve,144.4,144.4,144.4,144.4,0,0,0,,,,,,,
115,Valve,144.4,144.4,144.5,144.4,4711.8,655.27,0.3,,,,,,,
117,Valve,144.2,144.1,144.6,144.5,9430.1,1311.43,0.3,,,,,,,
X125,Valve,No Solution,151.2,No Solution,151.2,0,0,0,,,,,,,
149,Valve,149.8,149.6,150.3,150.1,4766.3,662.84,0.325,,,,,,,
152,Valve,219.8,219.6,220.3,220.1,4760.9,662.09,0.325,,,,,,,
155,Valve,149.7,149.6,150.2,150.1,4760.9,662.09,0.325,,,,,,,
158,Valve,219.8,219.7,220.3,220.2,4750.4,660.63,0.325,,,,,,,
161,Valve,149.7,149.5,150.2,150,4750.4,660.63,0.325,,,,,,,
164,Valve,220,219.8,220.5,220.3,4719.7,656.36,0.325,,,,,,,
167,Valve,149.5,149.4,150,149.9,4719.7,656.36,0.325,,,,,,,
170,Valve,220,219.9,220.5,220.4,4711.8,655.27,0.325,,,,,,,
173,Valve,149.5,149.4,150,149.8,4711.8,655.27,0.325,,,,,,,
X176,Valve,No Solution,220.3,No Solution,220.3,0,0,0,,,,,,,
X179,Valve,150.1,No Solution,150.1,No Solution,0,0,0,,,,,,,
186,Valve,No Solution,No Solution,No Solution,No Solution,0,0,0,,,,,,,
X187,Valve,157.9,No Solution,157.9,No Solution,0,0,0,,,,,,,
192,Valve,157.4,157.2,157.8,157.7,4468.3,621.39,0.325,,,,,,,
194,Valve,159.4,159.2,159.8,159.7,4468.3,621.39,0.325,,,,,,,
196,Valve,151.8,150.9,152.2,151.3,4468.3,621.39,1.95,,,,,,,
199,Valve,157.3,157.2,157.7,157.6,4424.6,615.32,0.325,,,,,,,
201,Valve,159.3,159.2,159.7,159.6,4424.6,615.32,0.325,,,,,,,
203,Valve,151.8,151,152.3,151.4,4424.6,615.32,1.95,,,,,,,
206,Valve,157.3,157.3,157.5,157.5,4808,668.64,0.3,,,,,,,
208,Valve,159.4,159.4,159.6,159.6,4808,668.64,0.3,,,,,,,
210,Valve,151.8,151.5,152.1,151.7,4808,668.64,1.8,,,,,,,
213,Valve,157.2,157.1,157.4,157.3,4653.3,647.12,0.3,,,,,,,
215,Valve,159.3,159.2,159.5,159.4,4653.3,647.12,0.3,,,,,,,
217,Valve,152,151.7,152.2,151.9,4653.3,647.12,1.8,,,,,,,
220,Valve,157,157,157.3,157.2,5356.9,744.98,0.3,,,,,,,
222,Valve,159.1,159,159.4,159.3,5356.9,744.98,0.3,,,,,,,
224,Valve,152.2,151.7,152.4,152,5356.9,744.98,1.8,,,,,,,
232,Valve,175.1,175,175.5,175.4,9077.3,1262.36,0.3,,,,,,,
233,Valve,178,178,178.1,178.1,3847.3,535.04,0.3,,,,,,,
239,Valve,180.7,180.6,181.2,181.1,10497.5,1459.87,0.3,,,,,,,
247,Valve,186.2,186.2,186.2,186.2,207.5,28.86,0.67354,,,,,,,
250,Valve,186.7,186.7,186.7,186.7,207.5,28.86,0.67354,,,,,,,
257,Valve,181.9,181.9,182.1,182,1452.3,201.97,0.45608,,,,,,,
262,Valve,180.5,180.6,180.9,180.6,640,89,0.67354,,,,,,,
263,Valve,171.2,171,172.1,171.8,23439.5,3259.69,0.3,,,,,,,
264,Valve,178.1,177.9,178.4,178.3,2425,337.24,0.45608,,,,,,,
265,Valve,181.8,181.7,182.1,182,2390,332.37,0.17,,,,,,,
269,Valve,155.1,155.1,155.1,155.1,0,0,0,,,,,,,
271,Valve,149.8,149.8,149.8,149.8,0,0,0,,,,,,,
273,Valve,155.1,154.9,155.2,155.1,5356.9,744.98,0.3,,,,,,,
274,Valve,149.5,149.6,149.8,149.7,5356.9,744.98,0.3,,,,,,,
275,Valve,155,154.8,155.3,155.2,10008,1391.8,0.3,,,,,,,
276,Valve,155.2,154.6,155.6,155.5,14815.7,2060.4,0.3,,,,,,,
277,Valve,149.3,149.2,149.7,149.5,10008,1391.8,0.3,,,,,,,
279,Valve,148.7,148.9,149.5,149.2,14813.8,2060.13,0.3,,,,,,,
X305,Valve,No Solution,157,No Solution,157,0,0,0,,,,,,,
X306,Valve,215.7,No Solution,215.7,No Solution,0,0,0,,,,,,,
308,Valve,158.2,157.5,159.2,158.4,273,37.97,0.80694,,,,,,,
309,Valve,213.3,212.6,214.3,213.5,273,37.97,0.80694,,,,,,,
312,Valve,156.6,156.3,157.4,157.2,23439.5,3259.69,0.3,,,,,,,
